,x,y
0,-0.8729190489288476,3.6922941782024012
1,1.7598110949483794,-19.289208728451857
2,0.6741965667537162,-9.456699408502
3,0.01915790631882075,-0.257681110854703
4,-0.27574074451269004,2.4804985421090957
5,-0.8866556504545087,3.649602822922937
6,1.1590060257511587,-17.42692484358596
7,-0.6103897673499392,3.7647176517722025
8,-0.5221817816654521,3.513900649989921
9,0.33976098971777935,-4.059148876285257
10,1.1732380404803266,-17.715056407071295
11,-0.9646613916804645,3.2871673346912083
12,-1.643960776273667,-11.630727637334427
13,-0.9832854700271954,3.1252203284214275
14,-0.8757201983558227,3.673069878528445
15,1.8860480548056557,-16.21418190914625
16,-0.7115482112855931,3.9446755832509113
17,0.47619092073973057,-5.987040872438989
18,1.303491875511778,-19.43330470722015
19,-0.7788375772854947,3.8797004039810705
20,-0.2930042325269828,2.367895958748963
21,-1.5276777550811933,-7.091085537011526
22,-1.342379827604573,-1.8711757206600503
23,-1.2862366217619803,-0.44369976020639257
24,-0.4317241289551137,3.2370086647156633
25,1.5797196498636104,-20.833816538930076
26,-0.7420888312280205,3.9047276006927762
27,-0.9340861183363502,3.3102531063251983
28,-0.9287504658591743,3.5017551911717795
29,-0.4404860109282871,3.1648812483439657
30,-0.17282662847437047,1.6057963001539362
31,-1.6015051643769236,-9.914251359427812
32,0.3814203951883006,-4.585261258571792
33,-0.34531337997414013,2.6790979465573135
34,0.3908247090196437,-4.7095720307543445
35,1.3052388811523339,-19.39901080918363
36,1.4351259427898961,-20.668805042105824
37,0.034678640940566385,-0.35906543460565854
38,-0.07544153823213007,0.8482659782547731
39,-1.3588907100316372,-1.9596620498148885
40,1.6289066186470187,-20.65585512341263
41,-1.400573718820795,-3.091056054454616
42,-1.0882462481548658,2.4738193706545566
43,0.6107175589721727,-8.09658357772406
44,-1.0375384906393323,2.506937533673695
45,0.9460354383884306,-14.111700252174694
46,-1.2101979012371764,0.6295287925904244
47,-1.8252707508763208,-21.908586310876444
48,0.7886073531337732,-11.324992176255366
49,0.4281492986521518,-5.336651117334615
50,1.5229945759907073,-20.908718509152926
51,1.6087636962037162,-20.725011808880474
52,1.6488347583942828,-20.561175969380688
53,-1.5503320311378053,-7.747527190844109
54,-0.19759416113890227,1.6921067819206228
55,0.9393335277779071,-13.91040458314072
56,0.8730202079387053,-12.838021707196102
57,-1.994047856254471,-35.42432836543301
58,-0.20196957384372105,1.844635584969825
59,0.24114598755464467,-2.655230660019223
60,-0.4506428813686614,3.268785118978373
61,-0.8724313701815603,3.5871756143804907
62,-1.5673405857906824,-8.527026404633757
63,1.920891292591444,-15.199486616209667
64,-1.462401110700942,-4.886766844493889
65,-1.3284944878928782,-1.4333543233981327
66,-1.533857464327827,-7.259698200250407
67,1.5254678026601605,-21.017297852012955
68,-0.285259922155749,2.299637092248722
69,0.3328013146986968,-3.938867353848266
70,-0.49610960619942546,3.2027938610426
71,0.47331825508585323,-5.907206185193829
72,0.4691155784874268,-5.95534260124325
73,-1.4791740115287864,-5.288283488648077
74,-1.1099293763394065,2.120269261980692
75,1.863397275484067,-17.056085354851074
76,1.8806435672619073,-16.466606644572906
77,-1.938555986405401,-30.57901418864536
78,-0.13391055781203676,1.177047487853569
79,-1.0212283596084193,2.819748874106486
80,1.2337521143519266,-18.59586533866927
81,1.7985895540506882,-18.46135942313406
82,-1.8145213449025381,-21.24545704060687
83,-0.19151993788811605,1.6348735551356097
84,1.8804668026569518,-16.528490885578364
85,1.5847787192011462,-20.77275619806765
86,-1.2254623954174995,0.3796005249961808
87,0.3404047721687711,-4.101165845534415
88,0.8473022615697774,-12.185122908651161
89,-1.9337636758513237,-29.929214046487616
90,-0.06387660663110806,0.5402344048060045
91,-0.6260536489293198,3.967544696152792
92,0.1658470708765747,-1.9540254581563679
93,-0.9234070436439339,3.5230326996876844
94,1.5206172299639502,-21.010925995963625
95,0.7280886220507443,-10.335303668623354
96,-1.2390702955693649,0.23534962822042726
97,0.4626148598822688,-5.841287055027616
98,-1.0511702906867924,2.5180128222043945
99,1.7586825467871332,-19.29602482100937
100,-1.8961241483987585,-27.04731012446029
101,0.6938636087253243,-9.479966483405583
102,1.0330960930399264,-15.55202462086885
103,-0.22071606291164203,1.7674929802818913
104,0.7908843892250239,-11.368081388513534
105,-1.622667544405589,-10.85573010870156
106,-0.08361813871205781,0.7089098290904804
107,1.6140219426891131,-20.653649495059714
108,0.9908049409858495,-14.927564313017026
109,0.03261572099495247,-0.2002119583900156
110,0.9706627895468771,-14.402888317831353
111,-0.15782588975924527,1.3606295922625922
112,0.033734928791732344,-0.36847515705438083
113,-0.6263294909238422,3.6518051135345453
114,1.1617852274934615,-17.5080300999256
115,-1.5165737843708746,-6.776511677599565
116,0.24644407066121676,-2.778560419648045
117,0.7938354550216826,-11.369660931921743
118,-0.8589498434140364,3.8066455152336482
119,0.5024115575683732,-6.506670284156069
120,-0.5376195851282137,3.6296491971966556
121,1.9006255922358206,-15.882118841869843
122,1.4926128055873886,-20.80771175752364
123,1.4684705865478596,-20.713792321202618
124,1.2639471116422483,-18.936226839915278
125,1.4163407432128161,-20.388123629883694
126,-0.8292614167548966,3.7232226628379474
127,-0.2377069885174352,2.0303930418930225
128,0.05217156753880614,-0.578033975959207
129,1.1727107000976287,-17.771435691126445
130,-0.10124017980961364,1.0936741026214225
131,0.8693275133538556,-12.611609888455378
132,0.02949765430504403,-0.3114974574509264
133,1.1951282833087804,-18.236449513986926
134,1.4872613002653239,-20.7962685665666
135,0.6035197717988989,-8.364032885020137
136,1.1530366622941939,-17.26809654702219
137,-0.4095655073680864,3.209979569921618
138,0.10252975016778176,-1.2230230450529687
139,-1.180345919513274,1.1592624385233088
140,-0.23801050148947578,2.1422201776918266
141,-0.43100313348520647,3.25693529292534
142,-0.4649709172446208,3.1944613388179515
143,-0.3313977685087237,2.6693596905469965
144,-0.944690502204129,3.3094701681477705
145,1.6263790118080577,-20.847507248320678
146,-1.7037363172438509,-14.613321923333217
147,1.4105448705723873,-20.590712062720332
148,-1.4009307796761612,-3.2072244367493226
149,-1.5798674282450653,-8.999645840269276
150,-1.177916758772493,1.3162199885138652
151,-0.8325199473976475,3.742375204951691
152,-1.1791267486006238,1.1607013685182885
153,1.526281683844362,-21.052923009826923
154,-1.198362613209512,0.9589977790616085
155,1.1831519519229916,-17.96362157192192
156,0.2217220052826514,-2.4018130880652957
157,-0.5552207542798819,3.63446784220702
158,-1.356010818377591,-2.0131281073047704
159,-0.8907537675850028,3.5392872717417223
160,-1.7269209326679325,-16.107247323183717
161,-0.45502620641753344,3.1594114768758614
162,1.9371785580395788,-14.704587087168413
163,1.9691059840243472,-13.255390576154822
164,-1.731861417343529,-16.36238372237906
165,0.08623206977879194,-1.1020848188078998
166,-0.8770826803380269,3.6802627906703074
167,-0.7733919614115119,3.8503939766657624
168,0.7318399386382111,-10.389327111233731
169,0.016382391983968958,-0.22218485064557336
170,-0.06930651282639433,0.7288794918648916
171,-0.5128341962669412,3.6309776111899437
172,0.2240181463063733,-2.640055307032451
173,1.322193404044183,-19.723932837964135
174,-1.7494139881351982,-17.327301308559182
175,-1.613257882578461,-10.286873928069705
176,-0.9865976162550432,2.922456234393507
177,1.8608587703563986,-16.808947301895582
178,-1.1865614951753418,1.159990422856131
179,1.048450547504559,-15.745196445556537
180,1.1483697963254587,-17.48949619038942
181,0.1366191986101546,-1.4321268191014016
182,1.7367658922508409,-19.727603412387918
183,-1.0602143634278258,2.611003535708219
184,1.425567367395855,-20.549872799704037
185,-1.4304906200301977,-3.9060263035622933
186,-1.8909907085672013,-26.6345033561196
187,-1.8947756236678481,-27.07918128848171
188,-1.6242104487338516,-10.75833897770066
189,1.6787811713228793,-20.220161375524533
190,-1.3915926346111127,-2.943130989414228
191,-1.4105045572111,-3.3882249604740102
192,1.2875716591988509,-19.1242452424658
193,-0.3988402055166351,2.9824591179734194
194,0.967576606987179,-14.446149220813796
195,1.8589671791589883,-17.23202168165747
196,-0.020282409341899843,0.11381169843312286
197,-0.0824974903645117,0.8514403591688056
198,-1.5892676291749281,-9.308609931810071
199,1.169961945977429,-17.534331858256966
200,1.4702687977718036,-20.75768370917321
201,1.153845940244238,-17.561910704840905
202,1.7109983707405325,-19.99221593804654
203,-1.4579834349657625,-4.823198864021615
204,-1.0524229139778476,2.6293921127029174
205,-1.4943152786589389,-5.855830127462854
206,0.5986470477650969,-8.204240817960942
207,1.5889223978435498,-20.74344104167241
208,0.7290365188715606,-10.439280480240436
209,-0.4470312849697047,3.3303063701024715
210,-1.2658031008328061,-0.11429000002868545
211,-1.8833352332154192,-26.21661419816808
212,-0.6241649617640621,3.706824556015302
213,-0.8054638734696158,3.8404323648313543
214,0.23888885856163578,-2.795342808185399
215,0.911235562252557,-13.591542962259583
216,-0.7241621026032767,3.9755618488423456
217,0.6091430078854025,-8.397870097075671
218,1.7070694253257206,-19.89078287370478
219,0.5611919626368524,-7.331660653600213
220,1.6282288066810162,-20.671950137681936
221,1.765820355386294,-19.20789093107762
222,-1.6674285055784681,-12.820768295199086
223,0.8031156392037775,-11.581909622991525
224,1.2181417497281064,-18.399603495613338
225,-1.5518141129272722,-7.757582882850774
226,0.3609497922874527,-4.357869697092735
227,1.3079879554036231,-19.489425261852833
228,1.3902418207340017,-20.309285768706797
229,-0.9228050202762033,3.4611092139900093
230,0.5929880834306172,-7.975202783268825
231,-1.0008429036088722,3.1482322562599703
232,-1.7782640912942749,-19.017295380352778
233,1.9859589542320442,-12.462713546259709
234,0.25555413815982275,-3.022367233763127
235,-1.2713383849107802,-0.18358544438176516
236,-0.7351704504861138,3.8705466557411166
237,-1.5593462499928643,-8.141828835440553
238,-0.4356761973883896,3.189760598867949
239,1.8302284891525913,-17.922563114841534
240,-1.5965670935412613,-9.632988917940086
241,-0.19104058874638463,1.446959329025229
242,-1.017276859738879,2.9107463399303124
243,-1.7844211134129249,-19.353919885506777
244,0.9341024386199503,-13.951428133529966
245,0.07469709623931342,-0.911990662264478
246,-0.09468154308651178,0.7011832990856939
247,0.8148841266651319,-11.866637151000573
248,-1.7144910803138065,-15.257163744105718
249,-0.36779661211546477,2.6771586194912564
250,0.1783066732452916,-1.9891790485350538
251,-0.8352660349307706,3.573785361166566
252,-0.270703046373705,2.103956726581101
253,1.1641698840961459,-17.773854458468417
254,-0.01528762883758672,0.0072460486543712566
255,1.6040888571720946,-21.06307501266679
256,1.622235859301481,-20.687496382733915
257,1.0157702970866054,-15.355952791919654
258,0.22891255218229123,-2.4924131201376825
259,-1.712206285175426,-15.313553728348907
260,-0.19086968129497306,1.7122010468690498
261,1.1767418427700211,-17.881684709469248
262,-0.8655213912088304,3.576661224051396
263,1.2803935621125326,-19.146355913927007
264,-1.4233648411004185,-3.792334745064005
265,-1.525066657115338,-6.937199080474523
266,1.9178591963946432,-15.254615671021465
267,-0.2598267067641187,2.229009759788628
268,-1.71252462187653,-15.312665098206487
269,1.3778913755983093,-20.29498010361556
270,1.6271056916540125,-20.902023502736636
271,0.42773232248704396,-5.419672095087719
272,-0.9294574238965314,3.4428219884039906
273,0.644599631884637,-8.93995693323429
274,0.030295460295757692,-0.29161474135979726
275,1.7943158617214379,-18.813329389181334
276,1.4942991156787482,-20.729126773131316
277,-0.5261685959763072,3.464269343523717
278,0.44871632529589256,-5.784103247088199
279,0.9017770226211206,-13.267856835781242
280,-0.9297666814847152,3.4050268277184097
281,1.424509755203271,-20.571930055514546
282,1.6750428879673787,-20.405420442172844
283,-1.8977209316557233,-27.198108213794438
284,1.4071813900217491,-20.275749619329734
285,-0.9103021995920497,3.7685469673903387
286,0.2008650962192613,-2.224636433286958
287,-1.7446408171277463,-16.917645534413133
288,0.9017902958918724,-13.111814110136363
289,-0.47887338827979775,3.2718343209671934
290,-0.02451385311647014,0.2627213604672899
291,-0.5390352181779945,3.759216762907154
292,-0.11210002510247286,1.1648789733413378
293,1.9536110335355605,-14.130323392545536
294,1.2694004879671432,-19.092063722620644
295,0.08603224529344677,-0.9803188522981451
296,0.2257689056909169,-2.5105875975993497
297,0.7329456229021152,-10.502213042463387
298,0.3494110537208903,-4.251193727764769
299,0.04138267187181599,-0.6672359834349584
300,-1.07702355698343,2.3282028835884354
301,1.2618327797964182,-18.95878085649228
302,1.124731576299327,-16.96358185844666
303,0.9698072289432726,-14.65783358710346
304,1.6975240653933303,-19.998192888705173
305,1.012910744161382,-14.975712031120858
306,-1.6105545433713644,-10.527706797745381
307,0.8777547780308566,-12.795762343912383
308,-0.40808257399302006,3.087159063976418
309,1.7869467304293885,-18.890375459855782
310,-0.9007926169769549,3.715588496169493
311,1.1418228563534876,-17.394565120144737
312,-0.7596497613340034,3.8435621395346637
313,-1.6615317043880538,-12.73271438285215
314,-1.8051871693419854,-20.5427381706477
315,1.0629190601135492,-15.951121424922645
316,0.7714722387343986,-10.840180861517501
317,-1.2197128799232222,0.47987088942752
318,-1.178938244176381,1.0870772501798662
319,0.8145001037461572,-11.739640750372496
320,-0.4593597358058017,3.32196144060948
321,-0.2921879496611437,2.205951333754322
322,1.932546163465164,-14.806556365424386
323,1.2679496808866464,-19.010649033057348
324,-0.9071729788908458,3.508724163733508
325,0.857928844302323,-12.625018790498709
326,0.25817805403680083,-2.867577720020127
327,0.6583055675235934,-9.078452806612047
328,0.9848049391830234,-14.840691623136719
329,-1.4843042046546273,-5.599019942951838
330,0.6357188458033494,-8.710930221997543
331,-0.2802440684492007,2.4571060028940797
332,-1.7564996715874375,-17.495616719508778
333,1.279896138205785,-19.340172555153067
334,-1.6103348606775731,-10.28485465879811
335,1.6084380854479474,-20.866136098496195
336,1.8190975140474084,-18.001865154307033
337,-1.243739901709918,0.30127574484476743
338,-1.9810222396228467,-34.19105489035825
339,-1.0263216190551594,2.7161803456350726
340,1.7915724040651906,-18.707698163954866
341,0.24096843978146731,-2.6987386925757333
342,-1.2466644974016576,0.21833912696236152
343,-1.1298398457211594,1.9232181041697776
344,-0.7143574966340047,3.9235970889453835
345,0.20533362102084451,-2.3997407813725915
346,1.7411015823297018,-19.617174916884444
347,-1.1515917602239423,1.4855979893130296
348,-1.235982604230271,0.30137566113378694
349,1.9610561605226042,-13.571554740275275
350,-0.5317087759111825,3.51680750862201
351,-0.01195660287057354,0.19318551525081576
352,1.3460233852206023,-20.025747732680504
353,-0.8005595833082668,3.9284534169589516
354,-1.6698361535585127,-13.001294037441173
355,0.47210399585420104,-6.195678395452379
356,-0.786678615427062,3.954030070097722
357,-1.117427523901299,1.9664706667115568
358,-1.1134971823556468,2.05648978846981
359,-0.28111940507246613,2.159530352999518
360,-0.7825184223540473,3.703954078344125
361,1.1485381466101905,-17.485472963030734
362,-0.6496105304330428,3.84581081970476
363,-0.9128748993951081,3.419698815950002
364,0.38970881524130974,-5.0038807112786845
365,1.5510846543644017,-21.13727351886136
366,0.5965701412197046,-8.069688658594398
367,1.6061896519255745,-20.968768231870595
368,-1.1779385447942432,1.2644549043158382
369,0.4355149674234542,-5.39845015527862
370,-1.702233336795187,-14.763014343988653
371,1.9819777785383619,-12.888221862835502
372,0.6729499865335047,-9.288026786931638
373,-0.7416046681288186,4.085601646834806
374,1.7261353622093645,-20.074655395799056
375,1.47525958034239,-20.87490250843368
376,-0.7155912054543805,3.9105080530352443
377,-0.8532883202540646,3.646460067465586
378,0.11215909075187902,-1.2323565014600155
379,-1.7663448832710231,-18.41255320437449
380,1.890815754033591,-16.187408482125047
381,-0.21795363596982353,1.9733699865078727
382,0.7663669510860167,-10.934162929744945
383,1.076871112029886,-16.11982832596042
384,-0.1178559646389119,1.0768352677969706
385,-1.8113826412890992,-21.179249897518467
386,-0.5163999393163006,3.475947091348579
387,0.29164608898033384,-3.494470639085972
388,-1.9050221335103679,-27.62961593754722
389,-1.2671010029525935,-0.22185222528056125
390,-0.5770326468562752,3.7275890824928353
391,0.22862227507302535,-2.6509965134835562
392,-1.0644716967181234,2.5579324790743994
393,1.9474054281494686,-14.141806736782465
394,-1.8694964347416225,-25.110068982410716
395,-1.507950387000808,-6.375286897597672
396,1.611170024421821,-20.80905147432929
397,-1.2909391493726385,-0.598927639570648
398,-0.4467308163688366,3.2639894343460245
399,0.45469827696622156,-5.797323837053069
400,0.8080695013513823,-11.600421115099818
401,-1.8377917770126788,-22.912081240423607
402,1.9415377279063972,-14.334385294793503
403,0.13959264180114195,-1.3119590287487521
404,-1.0632460227272498,2.422330880209728
405,0.09650614548788505,-1.0979451100149278
406,-1.3241638472162927,-1.3833860830939233
407,1.873198932394736,-16.68396380720063
408,1.6376148129663708,-20.71933257126893
409,1.0738265985442617,-16.304994747167626
410,1.584832941336007,-20.976765746399117
411,-0.7218683058012925,3.856512833138766
412,-0.14437197939474977,1.3182249296101742
413,-1.6115113391728766,-10.295502088865302
414,1.826819415975895,-17.772326336361637
415,1.8948880707561888,-15.967529114324346
416,1.623166713210539,-20.754329175406305
417,-0.14372658482590683,1.095325426429239
418,0.7423422786934917,-10.465324753596974
419,-1.5939396858652928,-9.643867698164554
420,0.1435578286239565,-1.7172320490744193
421,-0.2817405344390491,2.439873507281762
422,0.1298625425340587,-1.4728726288151162
423,-1.3390323932500863,-1.5517100631927379
424,0.5799521941071477,-7.881747674021677
425,-0.04994593027665761,0.27184932101314374
426,0.7634880997088072,-10.959973218414051
427,0.8844298457030444,-12.739278439309398
428,-1.0023054886975844,3.046350929108802
429,1.5671585514298156,-20.871204192759656
430,0.6681078109574838,-9.258172488169723
431,-0.5306243501558154,3.6080469860271815
432,1.049731852301906,-15.830073008582488
433,0.7020812180647127,-9.82142531840691
434,-0.6699256888307934,3.7174282946112074
435,0.8467279577152507,-12.444693775593846
436,1.3292933588721825,-19.612833768366205
437,0.8541756715482931,-12.650077887800816
438,1.4433052550864232,-20.58758114263829
439,1.6104294821744554,-20.90899991811327
440,-1.22935126339397,0.5181355199871848
441,1.4587945790700445,-20.661847937752565
442,-1.928048794221331,-29.63795165804298
443,-0.6734864523405188,4.020648004704582
444,0.4451115369305909,-5.52275889512681
445,1.602331806929322,-20.81477621770711
446,-0.94792965653054,3.2462788491384065
447,1.9950780287760042,-12.155402383147408
448,1.9147728171901606,-15.37939467559531
449,-0.8116309122097398,3.6676138731293486
450,-0.4680137037012546,3.3063325798956837
451,0.7545623234154779,-10.74612688721025
452,-1.350098752224807,-1.9099909061311158
453,-0.0010582662858862335,0.2123161705688904
454,1.1858887731770267,-17.950341683810365
455,1.546060619574979,-20.925637074695913
456,-1.2295562968801286,0.3893088765348372
457,-0.5435270725663748,3.4847493102625013
458,0.5437468445655336,-7.262134650568073
459,-1.6604157153396488,-12.693183908986132
460,-0.5620461724580794,3.536066982815633
461,1.984007112974664,-12.596948048009658
462,-0.47134826847547906,3.4333853058414907
463,0.4752268781472444,-5.9104502857599694
464,0.7346669721581955,-10.152429928459693
465,0.008488992099539683,-0.03852888627300855
466,1.44800174911824,-20.71648615273012
467,1.4543114177694592,-20.75079989205713
468,0.7519736035259572,-10.612143457508992
469,-0.7219864395007374,3.88542251806306
470,-0.7452851304829404,3.8750138442048327
471,-0.4119120512848595,3.112656218236001
472,-1.3380262272283412,-1.5817224598222355
473,1.9508550722498232,-14.109647173849382
474,1.3096185697577676,-19.70392847378296
475,0.5113597472382314,-6.452830108088318
476,0.9365922955234942,-13.90340300700877
477,1.4315660884451824,-20.613625129627508
478,-1.1214837553727728,1.7833128208030944
479,1.3524719845418636,-19.993864675559088
480,-0.40394638353455736,3.0070182641689787
481,1.3413226169197165,-19.94620553233802
482,-0.743931471401249,3.8034510604818186
483,1.8040620323165526,-18.530143438988517
484,-1.8681468503208896,-24.918932397674432
485,-0.013017969037936172,0.13142419123024268
486,0.868068009675405,-12.535007716053556
487,1.8103924183352418,-18.193041511618965
488,-1.577641068936145,-8.991264814060266
489,-1.2448085756056133,0.14118281970351126
490,1.9320116956683302,-14.805256133347662
491,-1.6870950661730104,-13.854286663485384
492,-0.0583281774808877,0.5709923107097905
493,0.7363195984811481,-10.3057398266289
494,0.7502664711984841,-10.552458004664436
495,-1.3125051641273138,-0.9646346961038005
496,-0.6141243154425307,3.8071517751519814
497,1.0442826028351426,-15.673932217015086
498,1.7446978017118373,-19.466472317975455
499,1.9481414948004785,-14.019891932851994
500,0.10613744265775793,-1.0825625548139388
501,-0.6271309721017713,3.7385152648222753
502,0.7956951146589026,-11.460074909743502
503,-0.41125831096418786,3.0938668816511203
504,1.3387131836920547,-19.886579353715256
505,1.4336531123156444,-20.643078308625547
506,-0.38534216350323414,3.028657115079028
507,0.3938175209647352,-4.579276270104609
508,-1.6192804156195582,-10.639415825148465
509,-1.1493319815589933,1.5652229925112298
510,1.5102983292893177,-20.811837673762035
511,-0.6370151332328833,3.888613144110347
512,1.3585534289927441,-20.093758197380552
513,1.1321213254024927,-17.06565059514886
514,-1.3354650045261556,-1.5649655138119665
515,1.233011908879155,-18.700976896233872
516,0.8879721158726634,-12.999054158862068
517,-0.45581916657442,3.2993823452895916
518,-0.12112335850229261,1.204432278514588
519,1.9861093647731418,-12.564474211726731
520,-1.0644113227571848,2.438079301499866
521,-1.0119985873199981,2.7545292958814294
522,1.4777761757680263,-20.775126674233615
523,1.9985607690824883,-11.870169964632646
524,0.6049572268958832,-7.9930571187211275
525,-0.7077667291320933,3.979552583511999
526,-0.6223084082767674,3.6455823363905604
527,0.31185795632672697,-3.6478149177694172
528,0.21103556907736198,-2.3150078762929684
529,1.0067727335348793,-15.123977424356088
530,0.5186575299626464,-6.956276080386029
531,1.0980622478749011,-16.72656473854723
532,0.2816028324663513,-3.402188847378096
533,0.3223225943155401,-3.9701764127970285
534,0.9261614737099544,-13.766640811459032
535,-1.5345762963593157,-7.392644226808911
536,1.3548317819668263,-19.892950972447007
537,-0.8202187812361283,3.78436699922809
538,-1.0855437369249001,2.518429794708049
539,-0.850115565541643,3.7035349854029844
540,-0.08960748531281837,0.9501081572070486
541,0.29672497987477797,-3.4231313584739405
542,-1.853743641805488,-23.911258574599646
543,-1.2291450127566792,0.46849157161362254
544,-0.864252182468427,3.635322570275521
545,0.2851287605677255,-3.1957321918936277
546,-0.1265659731809583,1.2239404331553108
547,1.8742771592870842,-16.699974505803752
548,1.4512492656620184,-20.688096568054064
549,-0.3489676282561134,2.7667142701746434
550,1.9413014227727947,-14.591706724587306
551,1.6813437975509795,-20.273504310236525
552,0.33488109040753455,-3.856416959374094
553,-1.3301292823561806,-1.47955267617257
554,1.7875773219464834,-18.734749788049967
555,1.5674903012858512,-20.974854290308006
556,-0.6820707178602752,4.125559607005226
557,0.7234229874532603,-10.04797519619054
558,1.9807751908292723,-12.804717418715507
559,-1.7935605864290953,-19.73793664962638
560,0.44798614749573185,-5.476571315940135
561,0.45045525670665976,-5.676607598919799
562,0.030023386796190987,-0.30024854368685416
563,0.9543177776799543,-14.217324823597
564,-1.48184014612369,-5.508266241138625
565,1.775258072448465,-18.968477447600026
566,-1.5605822555212985,-8.16749842239968
567,1.1504811234648242,-17.333801400024814
568,-1.5550805570504767,-8.096812715068966
569,0.22353156406234653,-2.613039280339752
570,1.632729521887803,-20.63430827571407
571,0.009326431492767018,-0.034901150319506094
572,-0.909764542518881,3.4960081760484645
573,1.7199019392231407,-19.759825737380982
574,-0.4620142622739256,3.4147205197517763
575,-0.031379400374361044,0.34368779644718384
576,-0.1102346911933001,1.0957062207003634
577,0.9988491551937821,-14.813536849092323
578,1.2242261454482595,-18.343487453292443
579,-0.5557779360004935,3.667757744307581
580,-1.698369890805946,-14.340129695766219
581,-0.7311220897464974,3.998653753918316
582,1.9400758582839526,-14.580486513539542
583,1.8226980671592834,-18.116469177604735
584,-0.6381059362151063,3.8886937790648495
585,1.2367842226856487,-18.58438906259435
586,1.547178137510521,-21.006502003332937
587,0.48022800171423174,-6.267435195243374
588,1.1083222895475018,-16.77710868873857
589,-1.2333550603257084,0.4038011596093571
590,-0.578734367021176,3.820583851817354
591,-1.7722439217346833,-18.56580945801771
592,-0.9989022548297979,3.068163457316344
593,1.6722972598651054,-20.530167587303712
594,-1.8877383344296779,-26.50294530928695
595,1.1524235953335888,-17.419560309098987
596,1.9207531040587789,-15.112412803646304
597,-0.548705468640923,3.560391733966124
598,-0.48685741009396155,3.5323565117060154
599,-0.536151053144664,3.5812630010490425
600,0.5140070183962484,-6.677820943474962
601,1.1967398492443722,-18.11390654847894
602,-0.15011085737513508,1.1704058798747528
603,0.8593799392124946,-12.618854031177808
604,1.0913160129138295,-16.5373876731977
605,0.9905195173433139,-14.957004936449808
606,-1.9458744911927965,-31.21540291023173
607,-0.577394363479669,3.8438394966301765
608,0.0874829762428102,-0.8427927433584298
609,0.5917525528375802,-7.965021100975166
610,1.1165725516792606,-16.953609198533737
611,-0.009182793744061168,0.10301331051007614
612,1.013146161396301,-15.320988437910051
613,0.417882929382956,-5.155286619385251
614,-0.15518628361410025,1.2916125394829194
615,1.5328039968915896,-20.85006132789602
616,0.23319693003956488,-2.625065070080324
617,-1.2000446338723987,0.8776497311213916
618,-1.2452309000460247,0.10869440478551735
619,-0.6548879044085512,3.818186602702341
620,1.326613287404998,-19.805528803540696
621,-0.02166028016716437,0.09634513082021835
622,1.3791544551441124,-20.28760393952931
623,0.5805088630829491,-7.7986792650937735
624,-1.7110958384808872,-14.936387063087611
625,0.5991894910249549,-8.214748395974295
626,0.031897900055119166,-0.3035804086085538
627,-0.17865003319536932,1.6976006105295578
628,-0.4202607163417156,3.0787820779001542
629,0.42740902540444825,-5.3287242676290605
630,-1.7608051451942046,-17.890918623713173
631,0.9111008070370605,-13.461403824621792
632,-0.167619383869547,1.510536782489475
633,1.147086954378616,-17.426328744206426
634,1.067633052245899,-16.09382346452279
635,1.3389125957122063,-20.060747289621453
636,0.4404758385773371,-5.750562586467656
637,0.614910395608804,-8.406541831923697
638,-0.8590419341922417,3.7686538309381747
639,-1.017491767222559,2.9915829439923676
640,0.03563480168446409,-0.40322825637284254
641,0.6972689464453881,-9.727571263774436
642,1.1814764611009472,-17.94482391593454
643,0.7726540181312012,-11.011338667956997
644,0.6735740037810363,-9.490572466637175
645,-1.244173920947051,0.20416468736348128
646,-1.9921813001066933,-35.29145948708944
647,-1.311481329315403,-1.1018012553395822
648,1.7408126335129088,-19.68124294260648
649,-0.39923290987203863,2.989124572365887
650,1.4397574329276455,-20.67341428728239
651,-0.35529073884438134,2.9473399190856204
652,-1.4073680012067658,-3.483883345272528
653,-1.6447563256219362,-11.822359273087416
654,0.6769744680042726,-9.402485606402207
655,-0.878939659868816,3.607274453722416
656,1.4491633209273385,-20.6011946933879
657,-0.5251580128373079,3.6118888519098467
658,1.6716502172829983,-20.421819659785225
659,-0.7260289366893526,3.9632201344325892
660,-1.928155424519837,-29.575996519254918
661,-0.2833159700715582,2.3521058606197474
662,0.6283037124397253,-8.591943221077011
663,1.1048589562184419,-16.749541514761297
664,-0.67724082701714,3.8505768426665847
665,0.5864712062804953,-7.956161029023555
666,0.9888278226382892,-14.773014157166834
667,0.7130116167051446,-9.846376175502963
668,-1.9333805239184794,-30.106578051626272
669,1.4366159346193514,-20.686678067484788
670,-1.8488564415051623,-23.573988082918486
671,1.2912430988705834,-19.420121109457323
672,-0.49742400060452274,3.48488834332865
673,-1.8952755681010598,-26.947786685435823
674,0.021394625375946053,-0.10828458349750711
675,-1.549892275461418,-7.831499350931799
676,-0.2729521286404051,2.1463963025283075
677,-0.5876428354455405,3.7844318998115734
678,-1.1118621224291534,1.7971286321214128
679,0.7532343696008619,-10.810475138964966
680,1.4578517207429496,-20.638131063587412
681,-0.782448471488927,3.8620537590055806
682,0.43706532437259904,-5.4714198021486
683,1.409635903677989,-20.434042005804535
684,1.062520889601212,-15.98816720895257
685,1.2277615130016786,-18.597336497708277
686,1.622129474149654,-20.8482630264759
687,1.9189768812083234,-15.363962431249234
688,1.1634208571549172,-17.65210517178728
689,0.3750635365471804,-4.6069133293562645
690,-0.9738604381423777,3.2549192748948905
691,-1.8687537235335023,-25.103807805120656
692,-1.7570212154688227,-17.723142625097456
693,0.6044380994392053,-8.133118409815818
694,1.2023248615302147,-18.241006724499062
695,-0.9322235948756701,3.2927042827266657
696,-0.7975958052486973,3.8237328040628062
697,-0.2577546144049063,2.2300266100122497
698,-0.42002133445843715,3.053287962190396
699,-1.7906050379033824,-19.805300310889038
700,-0.019775868551966003,0.03467831719041892
701,-0.13119650142493766,1.3655118615940718
702,-1.6565560691316277,-12.424009919347675
703,1.5126222262823656,-20.94836179466497
704,1.8468844662197967,-17.330874813360932
705,0.43889340038952396,-5.491266271780205
706,-1.7113990283180454,-15.140601820551375
707,-1.19901364020846,0.9165910846951951
708,1.957484512997028,-13.811357288371287
709,-1.1043990756181268,2.202794617351044
710,-0.524715320595448,3.6591566521221135
711,1.0629107384488914,-16.134216076481295
712,1.6514276609930176,-20.66364486122291
713,1.4606976447251738,-20.85721613592797
714,1.397580797396646,-20.454316473252682
715,-1.397854901143322,-2.9883991529624616
716,-1.8921555631196103,-26.71668317324664
717,-0.15297492429631943,1.3883499845269658
718,0.43389993815446815,-5.389200214142749
719,-1.882501167822805,-26.114961245858233
720,1.9151599896872615,-15.43278129893905
721,1.9655183590187537,-13.710949759092664
722,-0.6246161922973976,3.6922378405269667
723,0.37652168601831937,-4.654377746640563
724,-1.2201301071219142,0.6519645171899474
725,-1.30816010738328,-0.9606454403303031
726,-1.572396470306194,-8.55349789764818
727,-0.810103000620424,3.7742802762224885
728,-1.922519109858455,-29.030392433335034
729,-0.3645040664867416,2.9987052267269942
730,-0.8495325655281123,3.616691156241846
731,1.3261274660139195,-19.585910467992342
732,-1.861712405114449,-24.571963204490583
733,-0.6070285905696013,3.6555009269946637
734,-0.6794860952192954,3.7101312545954834
735,1.0487472126666266,-15.698970575339622
736,0.14628022392805118,-1.6273387062549345
737,-0.9578094331029607,3.2621229493523902
738,1.7752266134878498,-19.04378039270002
739,-1.7741170314445776,-18.774044573843096
740,1.256003561287229,-19.02956095288588
741,-0.7482236873877093,3.967654598097405
742,-1.3035577742918143,-0.8115329184148836
743,0.5284992959893517,-6.887824734294401
744,-1.5299597861957515,-7.2119924931983
745,1.5140023707088006,-20.9167573165107
746,-0.7876669517373078,3.596722341643509
747,0.422034648718435,-5.150199293922289
748,0.7392552190356865,-10.41787211690212
749,0.4080741926344986,-5.0612168346261734
750,-1.4640015052030835,-5.0237222961772146
751,1.8764804352578395,-16.574930268894864
752,0.6760278510193549,-9.387148956544829
753,0.05804657837071492,-0.40217480931559557
754,1.2839501415759926,-19.312654754666145
755,-0.6524012629886711,3.84099269731506
756,-0.8731305729278023,3.7857562785858874
757,-1.9619464077757498,-32.56030276392407
758,-1.7936145658655707,-19.98332773636347
759,0.15462931505850142,-1.7876373162832104
760,-1.543906317100375,-7.76456403871669
761,0.9963600261062959,-14.918169181697053
762,1.3578264110273448,-20.011016085214475
763,0.259657119391703,-2.9809058391157173
764,-0.42402451188625134,3.1844941309890524
765,-0.49862771930975347,3.6457355946150507
766,-1.1745822609441068,1.2572331337301483
767,-0.11373514760915837,1.0780841377144565
768,0.25027639568024185,-2.9353273276884253
769,0.029500894520517296,-0.1134977971327766
770,1.635123759267279,-20.773077034635605
771,-1.858372241686351,-24.265480438446843
772,0.23561466234577066,-2.744782622677444
773,-0.3184983855806953,2.498370761579334
774,0.8300993040159059,-12.051243322433853
775,1.997386897018763,-12.117377213645165
776,-0.29307827554538335,2.4065493348896
777,1.893805463349851,-15.99403072312224
778,0.6399906066575709,-8.645783008595922
779,1.4130617983685987,-20.507096953162357
780,1.9070627582435353,-15.589922808263012
781,-1.4657288086804634,-4.792606895767179
782,0.11078457946173792,-1.1930032562640065
783,0.9230773292110221,-13.714900669365367
784,0.9959917264842528,-14.969725366981153
785,-0.43155312200264495,3.198779224708525
786,-1.2497269005089149,0.005657130941881985
787,1.4124268416013717,-20.62632678920461
788,0.45622445168652215,-5.866320209350735
789,-0.6926949794370127,3.7239618913491213
790,-1.4073022856620896,-3.3452493758868425
791,-1.9835310491745708,-34.58001324710701
792,-1.3986995473537251,-3.268931515908544
793,-1.717181050880757,-15.393945823091974
794,-0.07557171749004343,0.813217663401203
795,-0.03400678325504414,0.4088148618520728
796,-1.5704104738111067,-8.708109781236319
797,-0.7600897534913544,3.969989871295995
798,0.08641202360179179,-0.9808405074476346
799,-1.5321480689156322,-7.264579937037285
800,0.6230541397921292,-8.582876749965122
801,-0.24506297382333964,2.1356066503924658
802,1.046095422858988,-15.723023145345765
803,1.6536159450541614,-20.55135844902737
804,0.3858074859288654,-4.648269461111257
805,-0.22003839505237677,2.099871168910466
806,-0.04534632798738514,0.394421098403089
807,-1.513277144530862,-6.430020917072248
808,0.915905746685961,-13.665868388101035
809,1.2350593333710087,-18.588537082690227
810,-1.561402274098318,-8.474151917596638
811,0.3610979876597207,-4.352794891339804
812,1.8268716117428632,-17.956487784930104
813,-1.148212160492446,1.4439181642146561
814,-1.8718016681061598,-25.188562431434846
815,1.1401037533076277,-17.25720731790832
816,0.011902823599483359,-0.31775369848742585
817,1.400028930671124,-20.330154925640358
818,1.2553679385991203,-19.13015446934689
819,1.0564035853782756,-15.820197755197693
820,0.3121736993132713,-3.7868977262857006
821,1.2986986642435205,-19.46580922839166
822,1.615985908198275,-20.9380385505266
823,-1.787141103687667,-19.45412553956733
824,0.76841365810645,-10.910761677340254
825,1.7066528988459173,-20.21189340192971
826,-1.7451397787369727,-16.994544537677946
827,0.1638913427217128,-1.7697840184754654
828,0.9333538407101947,-13.813830194805762
829,-0.3035626903231199,2.4467812846467174
830,-1.5444258626030178,-7.771662052748586
831,-0.7235042392914153,3.9949101555457402
832,-1.8967742254985342,-27.199282653424444
833,1.222439924819204,-18.44405538393991
834,-1.0867458887591024,2.2890782746260174
835,-1.1330803148510689,1.8177481759699092
836,-0.90846915797326,3.58943553885102
837,0.6795596538950179,-9.43184571609679
838,-1.6363695803996032,-11.571360126802388
839,1.7957604535937874,-18.607435464719423
840,-1.9408658137314898,-30.733719594830795
841,-1.4528674313662862,-4.567162762779844
842,0.040961301384051296,-0.4585480046224445
843,1.38550653483725,-20.04450884971333
844,-0.8289332132061693,3.7956076823174314
845,1.0756099184162333,-16.459724698267536
846,0.44018578325899815,-5.474383118033242
847,-1.7362321651871238,-16.559842434150795
848,-1.1903219847354745,1.0327668941377437
849,-1.8584071417762398,-24.278190287127522
850,-0.8554253440022137,3.5620308573373882
851,1.3320824115449046,-19.60802221711751
852,-0.49360189592818093,3.466248728908341
853,1.7014809970175917,-20.156374561977234
854,-0.27852274963601564,2.2529979166899192
855,0.9452796717277554,-14.142830048119823
856,0.040870119935383364,-0.49735858322023635
857,0.5620856350789962,-7.540804086752907
858,1.2827048590493582,-19.281722600623105
859,-0.7552741645076448,4.083249876309063
860,1.1947269720102525,-18.133625315867963
861,0.6060258322511021,-8.264834742040465
862,-0.4911266747156309,3.5481636727942396
863,-0.6546243509743954,3.846206689979569
864,0.36877662891131147,-4.472740223011643
865,0.8919095337924134,-13.245012515544527
866,1.1926195261196462,-18.074145105638788
867,-0.009751739034783657,0.1737700784643595
868,0.24199871457781796,-2.871005279912377
869,1.7735377025974755,-19.03938434422453
870,0.1976929880178675,-2.443788056592753
871,-0.5931243928486425,3.549944716147543
872,1.4471731670225236,-20.646276964307255
873,-0.15076287380725129,1.316309530711172
874,-1.9008010479485282,-27.385910957271662
875,1.3130280953794817,-19.428795866615335
876,1.1444641822009487,-17.277611404806994
877,1.854440321680277,-17.174077197441175
878,1.6154182538634219,-20.873580983167518
879,0.37699693041418403,-4.5164488623424335
880,1.2421257759173532,-18.671773415288975
881,1.8428916692723747,-17.624469201728594
882,0.6370461887809822,-8.527811422432919
883,-1.3279157686124115,-1.4553139637349997
884,0.5168621872706094,-6.760872675746413
885,1.016051112629191,-15.494742458746108
886,1.0207659349109623,-15.52649513278532
887,-0.12505566572388238,1.1097132272569712
888,1.1610421702168332,-17.634143301279888
889,-0.6180136542172381,3.7643762555070692
890,0.610380059252214,-8.279634968754971
891,-0.6651856926602893,3.7202241815756927
892,0.2991802179234333,-3.6471198355392165
893,-1.789126089301063,-19.729548921172743
894,-1.144823967568608,1.5035323810584678
895,-0.739842256213386,3.87593419979241
896,1.6312504884982082,-20.783357984849445
897,-1.4679316554684259,-5.1661117969113945
898,-1.7956762516087474,-19.902758804986114
899,-1.0134913614128074,2.8073949275858183
900,-0.9218510566679399,3.5106129921547216
901,-1.751852424622566,-17.57747700520021
902,-1.8873771291567167,-26.43811734462432
903,-1.106252431555963,2.130559474219682
904,-1.6838022503026702,-13.521038245382096
905,1.0244773066217476,-15.567597146396878
906,0.019265156864612276,-0.08371999404065363
907,0.9004961858577314,-13.189315348784517
908,1.1353428584937908,-17.213660974028063
909,-1.2760908340893664,-0.6000311035626547
910,-1.6958296346444266,-14.354142717345281
911,-0.5908668518686837,3.6651336992127805
912,-1.6152964549098154,-10.559943289018351
913,-1.310829256498868,-0.7074703324373683
914,0.9015529953028167,-13.386282366331134
915,0.6298750585620052,-8.587383531570325
916,-1.686467570238194,-13.80271303249183
917,1.1214967378444354,-16.964929188788872
918,0.6292417038223532,-8.437561134386778
919,1.8290413108286456,-17.975070812594865
920,1.6295679504930543,-20.66284152642086
921,0.44120384392504697,-5.6875704634842394
922,0.17384220664368044,-2.175492283102391
923,-0.9533223700764255,3.1512660135804094
924,-0.5972860920067093,3.5826550511032713
925,-0.5280151239377053,3.6574586604319763
926,0.9445934008243899,-13.97193783307226
927,-0.13123489347574857,1.2008933845374634
928,0.7581837307984527,-10.965762935286754
929,0.3392437764771663,-4.008124135889855
930,-1.924793885815589,-29.670752965938146
931,-1.3234225717686003,-1.4038632619782343
932,0.3912253478578478,-4.8357393819147765
933,1.871552600977028,-16.715336089094507
934,-1.1882243348113688,1.0461229878986833
935,1.2606901703669453,-19.051442472115163
936,1.4715811837535013,-20.752176177919168
937,-0.5762060634446611,3.705665329316368
938,0.33184489648063575,-4.032278352088163
939,1.1594007384144462,-17.653025470256793
940,-0.7074470060017526,3.9308063134104407
941,-1.7002109655847901,-14.612077047570976
942,0.7835007712944879,-11.069400035002968
943,-1.8318682821498284,-22.354087732349797
944,1.814142888786729,-18.216743301103616
945,0.17032875635281775,-1.802476229960769
946,-1.824701315227757,-21.841924873317698
947,1.7266690784741572,-19.642821320030006
948,-1.3013693008820049,-0.912926441333824
949,-0.196299119841024,1.7947656762961397
950,-1.959788497985243,-32.20128322805293
951,-0.7842694418948128,4.048121054766464
952,1.3644547507450615,-20.064924383804435
953,-1.773871173705801,-18.844205456570023
954,-1.74224231980745,-16.808128893037086
955,0.8804692322195318,-12.72492759215433
956,0.7380950689298951,-10.504300088852203
957,-1.131575319048944,1.8076946970696224
958,1.1847614417777859,-17.847122328828465
959,1.1823150618967713,-17.950827414141514
960,-0.06068537398099805,0.5080698036301095
961,0.7421862356577766,-10.271900067754302
962,-0.7004018176143112,4.003358361490976
963,1.9543405811383527,-14.11163039895717
964,-0.08046400902817208,0.8866488934395348
965,0.4233615688855936,-5.264935985294282
966,-1.3238097982619568,-1.2872307313687548
967,-1.329763058725598,-1.3799868422832178
968,1.7306892625473105,-19.70355281753107
969,0.6163505103698856,-8.341986872859042
970,-1.0720840944320682,2.5326400846696524
971,-0.7416811048250045,3.8288360440833125
972,-0.8084132728393514,3.8636393471371404
973,-1.0444800895177369,2.6148846155727514
974,1.495517200214386,-20.639086484040305
975,-1.8564365799372653,-24.274775830646508
976,1.6364041604135768,-20.64865499214506
977,1.4116012203101271,-20.42087549424714
978,1.9831826440707618,-12.702920094695498
979,0.5830339703444531,-7.690451927145573
980,1.7857320858194616,-18.71888502869405
981,-1.2084598873959709,0.7284488054269485
982,-0.5478863607703905,3.765291588019873
983,0.20249854324848782,-2.1831121403931952
984,-1.9313606607356992,-29.810207438705383
985,-0.9950965367329685,3.1670569135644864
986,-1.0318424240831061,2.877675719932572
987,1.3180708069460585,-19.68117996512247
988,0.734194090611834,-10.454810923802718
989,0.18850811425738945,-2.068143338406543
990,-1.1278816291020068,1.7449156383772566
991,0.3516230541502523,-4.355103679098045
992,1.5424914098829712,-20.966052364028467
993,-1.5305869487669308,-7.105503771944681
994,1.9249748894647976,-15.13237042237822
995,-1.093403840027496,2.0568199263690894
996,-0.21414753460156888,1.741341070114528
997,-1.2382742629774732,0.22240660924027136
998,-0.7258989303350081,4.009770817545238
999,1.4258717239950438,-20.481338504593595
1000,1.101649658811564,-16.638079678578965
1001,0.617773244523256,-8.438778834471409
1002,0.32076133161629494,-3.856168166021617
1003,1.8936890443388021,-16.221016408979054
1004,-0.8450522690782152,3.6838397569421226
1005,0.6505348602566547,-9.05448400152215
1006,1.7997197080475678,-18.55518572704332
1007,-1.3090659576597514,-1.1019051834420226
1008,1.0384038179858122,-15.57053823080484
1009,-1.665995974341381,-12.84718147628098
1010,1.2057742246230112,-18.23656331023652
1011,-1.214758260781676,0.6961051464122396
1012,0.214731906031699,-2.5492994896295165
1013,1.0953539246881854,-16.46127505503133
1014,0.6670312075579754,-9.157782488053442
1015,-1.1160811161969546,2.0151582053258514
1016,0.22357685270145122,-2.5040883553050293
1017,0.03896841548193786,-0.5700752821933706
1018,0.18842994250076872,-2.182962210242147
1019,1.9279915091306554,-15.131899422987859
1020,1.9190906310040523,-15.368200531385513
1021,-0.15561576248032427,1.3277882981277307
1022,-1.776710634791109,-18.775009379691816
1023,1.835749591462645,-17.772736908684664
1024,-1.532466619257812,-7.316433509325909
1025,0.6682185207166356,-9.287879280747758
1026,0.8399136658172819,-12.35145486454101
1027,-0.7874016238295587,3.9870326929007085
1028,-1.5304655056722907,-7.206765560570278
1029,-1.824688560548783,-22.04714969304339
1030,-0.0014776056337733046,-0.006499007859484655
1031,1.0344023866767094,-15.576293038433942
1032,1.864837419539303,-16.921167335703554
1033,-0.8165637513163428,3.878047006061887
1034,-1.2265954058589807,0.5865267242473152
1035,0.6026537552394449,-8.186728952789714
1036,-1.9207838621199795,-29.071882363288807
1037,-0.21558219672894063,1.7822637242642316
1038,-0.34389660889118767,2.8743016170465556
1039,-0.4957162313826955,3.5914247339771834
1040,-1.907961877897312,-28.046092447951537
1041,-1.7506984911835608,-17.209658044605998
1042,1.4571940876921312,-20.555037443698172
1043,-0.058799463408591546,0.5390072007759237
1044,-0.5067268433435856,3.584286428827898
1045,0.4303573102925169,-5.235030929823598
1046,-1.9342049288247112,-30.230647277963424
1047,1.2794146788310625,-19.234269226420615
1048,1.7551570693765552,-19.373682293586214
1049,1.5018379599640728,-20.8168441953197
1050,-0.051207467139123164,0.4274222657841348
1051,1.124853410988834,-17.069719964018923
1052,-1.0232354695069543,2.6187298689069523
1053,1.3352239534033323,-19.73881937171661
1054,-1.5595021546566543,-8.105323318983896
1055,-1.685854808245621,-13.759464599134656
1056,-1.6673658743755775,-12.933872225394365
1057,-0.44615520135327413,3.270354203397168
1058,-1.5735722816394815,-8.853359792314738
1059,0.05963794724704519,-0.5779858750040672
1060,0.4126174794478512,-5.135192691389093
1061,1.1734050027473142,-17.816758459702395
1062,-0.9360492569484369,3.3982324778847017
1063,-1.9393034745201505,-30.445838771070896
1064,1.4360273955226046,-20.77266629323578
1065,-1.9859286975603703,-34.77416867263864
1066,0.45547885409344246,-5.841737839143505
1067,0.22725846896762203,-2.7061091545275917
1068,1.4579999987045125,-20.605383513421117
1069,1.729279509731227,-19.66474707061064
1070,-1.4354130277487633,-4.32047226257498
1071,-1.3012958164816122,-0.8715706024321764
1072,-0.5684092093307531,3.6918988337374756
1073,1.7222949808047945,-19.690247544012376
1074,-0.7702639141469949,3.770125539534134
1075,1.5607188398843381,-21.02063374703373
1076,1.0154323602492288,-15.255837579994525
1077,-0.5770243641955273,3.5443491343568594
1078,-1.244955605589133,0.15511064181457213
1079,0.36981426149504193,-4.377830995191123
1080,-0.4440302746552467,3.2266243259331193
1081,1.522833427601042,-20.879048980008168
1082,1.3266918086204935,-19.72711702918581
1083,-1.6292402778077495,-11.011718940105716
1084,-1.9234345350549114,-29.099358001346058
1085,-1.4658377994686118,-5.070968909783923
1086,0.14441746941689093,-1.709905257901052
1087,-1.483094762101369,-5.5890088320209665
1088,-1.8023623914204894,-20.480345542407075
1089,0.21235908030197947,-2.2107634687210314
1090,-1.5845515386195848,-9.124654144439054
1091,0.16852402069797856,-1.4703490528459313
1092,1.4421513948253186,-20.703764075202542
1093,0.3656988599133091,-4.377890588671788
1094,-1.8321999577173682,-22.547211918841015
1095,1.7172311656248413,-19.890535170381106
1096,1.376953782043818,-20.197059961372865
1097,-0.6224100734081564,3.862860722346794
1098,-0.599555128113161,3.7031931535750062
1099,-0.5187307253004332,3.40951115050646
1100,-0.008061645107387161,0.12170909804462063
1101,0.7439364872946146,-10.447672415964291
1102,0.6920844377685418,-9.646950327396933
1103,-1.8240351320618196,-21.939250074271136
1104,-1.7837369915478831,-19.148302262192598
1105,0.5716669594640376,-7.604357279950971
1106,-0.8165094233931152,3.807800914634034
1107,1.935381538042103,-14.752048995286916
1108,-1.5113215017046158,-6.506924296657052
1109,-1.6202319873877813,-10.665038385999049
1110,-1.410570031597571,-3.4766227022542693
1111,-1.5180778564799984,-6.744242749731808
1112,0.02722766530226517,-0.18898069885914356
1113,-0.7672875700458222,3.6444018144328756
1114,-0.2866641503388392,2.3204808711384213
1115,0.43097237268746147,-5.372314351243979
1116,-0.9506986683403564,3.2193922608617522
1117,0.561017743826846,-7.448279055069801
1118,-1.1632591347126704,1.4860739363276985
1119,-0.13267872712371354,1.2139680187116912
1120,1.948495477846047,-14.08420711260659
1121,-1.5014873150587937,-6.2075452062375716
1122,-1.8807765123361873,-26.023108191951305
1123,-0.36835922415663713,2.896174187588125
1124,-0.6133768642229129,3.8847198359393085
1125,-1.9057631135348152,-27.830047281773062
1126,0.5509013118885058,-7.234972635945518
1127,-0.07302125165790141,0.6138932595464486
1128,1.5553690828898037,-20.97792187283735
1129,1.8867538699869706,-16.30053601367172
1130,-1.2210974629531588,0.43353287415827096
1131,-0.0759948662641583,0.7734659854530802
1132,-0.18539731614993782,1.467478870361679
1133,-0.4455592823012582,3.1130980628608196
1134,0.7987807135372655,-11.6276810896774
1135,-1.798411307408161,-20.13582609352463
1136,1.0813914269861482,-16.22668474307512
1137,-1.958599245625726,-32.23712273504645
1138,0.7129941159053264,-9.942356282748703
1139,0.2760939865826546,-3.366004093767727
1140,-1.2777208596731358,-0.5099895449940393
1141,1.198769179874199,-18.120709453715676
1142,-0.8203330468727015,3.7036435152459313
1143,0.9693115674063115,-14.61871415077124
1144,0.11006513892726133,-1.2572998915431617
1145,0.5763145205444431,-7.741580324379024
1146,-0.02792219889751557,0.1985802330022678
1147,-1.7774398674168435,-19.052445478686188
1148,0.5292187734525009,-6.9419143470874385
1149,-1.9560388245920288,-32.06134592796018
1150,1.4979439473117764,-20.785013885224544
1151,-1.5140398473120622,-6.420470236983537
1152,0.3199921990380674,-3.87327517498271
1153,1.7880879750796512,-18.739219451923873
1154,1.760773704514162,-19.250529715221916
1155,-0.8274469989513529,3.835491509944539
1156,-0.16620788031022027,1.3988557904498276
1157,1.3784380877480662,-20.114052371988066
1158,0.2002963477846338,-2.2228489159969667
1159,-0.2490970171414193,2.198391109401919
1160,-0.5566576250921287,3.318843971670109
1161,0.12122373249275187,-1.3167246737980791
1162,1.9885013085343632,-12.369556752686693
1163,1.4237399700297724,-20.57271696488488
1164,-0.6525301257511802,3.718314444947319
1165,-1.9107220096773188,-28.28136235713669
1166,-1.2717699971940704,-0.3643550127332341
1167,0.5294236471287235,-6.9203888953034625
1168,0.22735460204153624,-2.5490152071063283
1169,0.3593232488481304,-4.1904624665243455
1170,1.1224243192018806,-17.03973719231712
1171,0.36507994444023684,-4.317204965668282
1172,0.21375851294869497,-2.3616046884796367
1173,0.2082038097083001,-2.3027905678472145
1174,1.070839291119949,-16.1586425468026
1175,-1.7570011935195082,-17.599578606299254
1176,1.0737030850688192,-16.28030406344415
1177,-0.563837267325991,3.563560626866163
1178,0.5973013131457519,-8.218621652281454
1179,1.7403329170067696,-19.72263737673115
1180,1.48565881024015,-20.936358602629994
1181,1.3162695233309734,-19.59597706837283
1182,1.2367271354495646,-18.558027802037692
1183,0.2668764616524557,-3.335840821710297
1184,1.399376704710925,-20.378086432950898
1185,1.6059917208787855,-20.752921294765123
1186,-0.2776434976050548,2.3458101258620196
1187,1.5021260110780585,-20.937523794194387
1188,-1.3354256665706061,-1.7224351133667297
1189,1.6926451324637317,-20.086005975154958
1190,-1.4221490949587174,-3.8767048261202084
1191,-0.5196094766834247,3.4889623893055925
1192,0.7850086299124674,-11.248319843138548
1193,0.851535884708011,-12.356849974030935
1194,-1.6466091124104336,-11.915273221266851
1195,1.3134249334524273,-19.63798080483965
1196,0.14946920015112974,-1.576065521135324
1197,1.0892337243481292,-16.691538911475735
1198,-1.5679312877030283,-8.607496752095354
1199,1.7562917399379758,-19.353309337311934
1200,1.6743451404262646,-20.296673900825247
1201,1.8960681034528823,-15.939743804750014
1202,1.943853926493936,-14.52505183512228
1203,0.731230962587134,-10.260406426875004
1204,0.8854004259537822,-12.986770643309937
1205,-1.8541507638244958,-24.16006106097398
1206,0.7225649302057549,-10.195745771788717
1207,-0.1521771326659409,1.3900941242193834
1208,1.5045678910654554,-20.65198259388032
1209,-1.1023488031857642,2.0849844084584888
1210,0.05744247151238513,-0.6743551840474573
1211,0.05222429546004381,-0.589990423281908
1212,-1.3156077862049584,-1.2288087197584283
1213,-1.9172867571055816,-28.87905196951722
1214,1.144439369054174,-17.591193530462
1215,0.365918512224789,-4.4323972392303945
1216,1.7287886642109709,-19.718303688865493
1217,1.065425049255892,-16.21348764083954
1218,0.1333743985073843,-1.32286021897015
1219,1.819078255787713,-18.22531424973493
1220,-0.2805574270952378,2.4282923124729123
1221,1.4772536694702731,-21.03295074712244
1222,-0.0816230605570687,0.797553948086674
1223,1.8439318426883542,-17.573160038834683
1224,-0.2272926807432638,2.030748108558146
1225,-0.15839504092976942,1.3640267786244502
1226,0.7379204051952115,-10.495310578017374
1227,-1.1449750955735465,1.6601879395689945
1228,0.15726050932372226,-1.7718716577758202
1229,-0.4286464432291779,3.0708796516014245
1230,-1.8326825957581012,-22.411050674292298
1231,1.7463695075644643,-19.445082827945935
1232,-1.6636652879126275,-12.883941153061915
1233,1.7112537986103744,-20.190139116821527
1234,-0.6006883753089394,3.8964214035457663
1235,-0.33168387769716023,2.4582892776858944
1236,-0.173706161288953,1.7183144707417461
1237,1.6027688799210877,-20.880333302693153
1238,-0.9517435665333869,3.370548067295226
1239,-0.7021256800229252,3.6769582414881574
1240,-1.786662886414352,-19.607307515288518
1241,1.0162349308637895,-15.296013791949685
1242,-0.65239592053506,3.777401696950387
1243,1.353234212552672,-20.186014045630436
1244,0.7299671847912932,-10.153805820179697
1245,0.945091427644686,-14.005796077256527
1246,0.4020402876399336,-5.006390659387422
1247,1.4074456046404915,-20.51007783201411
1248,1.116157126170962,-16.908852802029383
1249,1.0517984165608163,-16.006387303974215
1250,-1.4162182816580713,-3.514293385722347
1251,-0.927198898846918,3.472152122135709
1252,-0.6502532677130426,3.7855017902606876
1253,1.6288862662680326,-20.846115202125866
1254,1.559406586238782,-20.831216187800766
1255,-1.8277257419107849,-22.255997547459582
1256,-1.0790783931860166,2.4611081031003503
1257,-0.570419580151384,3.6847877461780234
1258,-0.3669761997205079,2.8833602668643903
1259,-0.18993512297953918,1.7434742948209088
1260,1.0985424543893103,-16.366968481625
1261,1.0595276099626392,-15.999703643497712
1262,-1.5929462793929292,-9.515618339676246
1263,-0.44260213435676476,3.214525975294035
1264,-0.36005530969092003,2.7969289784653872
1265,0.8097970485100965,-11.607851593638944
1266,0.23642827035308178,-2.488337081004599
1267,-1.5398416090996578,-7.461562818388341
1268,0.5175508718167428,-6.742962816103248
1269,-1.21095395978714,0.7704021789002471
1270,-0.08216712057669451,0.7867530387953333
1271,1.1846367309973092,-17.927504997797254
1272,0.5029227240905203,-6.503539568596121
1273,0.32476594763485167,-3.814636285355196
1274,-0.20704957976765126,1.842325687963756
1275,0.3750819510508414,-4.640301468912417
1276,0.6297150094680664,-8.456684125996187
1277,-0.04439905392361654,0.3674226527850465
1278,0.4505557815814245,-5.617145326187803
1279,-1.8396683826854154,-23.18799967835377
1280,1.1441986116597112,-17.26630425759173
1281,-0.98186648811379,3.188344465607887
1282,0.3666676413445278,-4.3321650212919565
1283,-1.6394184735903945,-11.593163152102663
1284,1.771533002332995,-19.095295900072145
1285,0.807268682351463,-11.776037163314454
1286,1.4174469223334203,-20.43427244744087
1287,-0.03468360687917693,0.4058208376660064
1288,1.2015480527194597,-18.296483835370747
1289,-0.7774239293062775,4.047297191256148
1290,0.03927562927225603,-0.47212752232048083
1291,0.4907233167602989,-6.360476708927272
1292,-0.3739224098257359,2.980181729192464
1293,0.7131879330443929,-10.000740930775175
1294,1.498004545988867,-20.76247233587336
1295,1.2055132867390381,-18.39305265918962
1296,-1.4106149602892497,-3.493852767445692
1297,-0.1841296481008965,1.4892831815693923
1298,1.4253292637988837,-20.69819277684323
1299,-1.5007307204354112,-6.063643305780471
1300,-1.5828312788567036,-9.069167484949531
1301,1.7695084786627229,-19.22151883223825
1302,0.9996099826526512,-14.966854887341732
1303,-1.8536384582957925,-23.878167411903586
1304,-0.8402967265973547,3.723972216429558
1305,-0.883274928931816,3.6564041301468992
1306,-0.4109347273582631,3.0590799485003184
1307,-0.21414867943639804,1.7234032196540283
1308,-0.8729990152472178,3.6393707001359736
1309,-0.18042084621566534,1.487057900785613
1310,-1.1120608900686886,2.1193046039400296
1311,-1.4563398828766356,-4.54115121761595
1312,-1.9690519878260266,-33.073822598000184
1313,0.620073376306356,-8.485843840908583
1314,1.6385849790346008,-20.788700440336815
1315,-0.9676745948948384,3.218690437064699
1316,0.19898453202509536,-2.213314346586907
1317,-0.6280027279732163,3.797008725870096
1318,1.3537161319956907,-19.992027528556765
1319,0.2948363054272831,-3.570188168041789
1320,1.167652262403863,-17.53327330061364
1321,1.195713213205933,-17.90260840279957
1322,-0.6984037397925569,4.025065439797374
1323,-0.03674515956193325,0.33303445599025777
1324,0.27214309280641125,-3.1300853458058993
1325,0.8456005489192138,-12.327697408840159
1326,0.511539025677644,-6.885337645204211
1327,-1.133039740751919,1.8061271553224358
1328,0.24441782403202694,-2.7020188842049393
1329,-1.8890886802471774,-26.521322988106974
1330,-0.20598858485726623,1.786408050059858
1331,0.8703908229229751,-12.785382633871038
1332,1.1227998342645775,-16.982252380844876
1333,1.4713672381708482,-21.031594589911872
1334,-1.8121115928788352,-21.189506739769424
1335,0.36173485784616943,-4.477282976515431
1336,0.36622013754685323,-4.46571940859389
1337,1.245304282480861,-18.680785731898286
1338,0.6345832341882107,-8.628125903801209
1339,-1.00706473554431,2.922902745687622
1340,1.8602480177353593,-17.07318126385949
1341,1.2868954975010407,-19.385715128227247
1342,1.046552497016318,-15.833097664792625
1343,-1.2534153160268744,0.047754653757270886
1344,-0.34359778971352917,2.6092656671551584
1345,0.5640642445373074,-7.457861688350624
1346,-1.2851079661364868,-0.49794076194263304
1347,1.782126847382627,-18.891306255296964
1348,1.6605752785435635,-20.593455387802063
1349,-1.886604148301093,-26.489331101893875
1350,1.9596977857739244,-13.892679635779203
1351,1.1930185242634974,-18.086562634321826
1352,1.1616373049578654,-17.45859544863186
1353,0.5687223642116273,-7.615006334064982
1354,-0.8929730149906354,3.6161318285157384
1355,1.889543475967375,-16.250072067972873
1356,-1.300185673889915,-0.8570998884795074
1357,0.5098975515508206,-6.638887824083033
1358,-0.9948650179017808,3.0367572506882534
1359,0.33742787337729974,-4.105016506819308
1360,0.9863729002387767,-14.88613410584067
1361,0.700040042434523,-9.829362957786417
1362,1.4071885712134033,-20.393127872772254
1363,-1.5195316375988042,-6.725999664660266
1364,1.2566564474907174,-18.735511835281383
1365,1.0215913369956726,-15.473585744090762
1366,1.4012593499548212,-20.288449150144448
1367,-0.09908945734707375,0.7315933787254023
1368,0.041165242278584646,-0.3472266866723894
1369,-1.4062454053414757,-3.0255311292088027
1370,-0.6537969518631086,3.8345714832454934
1371,1.309639404364363,-19.459022692855534
1372,1.0587121263882677,-15.883139449631926
1373,1.2203381449916533,-18.248366463309342
1374,-1.4985534205203686,-6.038292702282718
1375,0.7460647274536294,-10.524292711678294
1376,0.9578674774917904,-14.529098546657131
1377,-0.3962192763855281,3.175261626798649
1378,1.9458474645458335,-14.28865244526916
1379,1.1446773456020303,-17.33928070478129
1380,1.2054497040279055,-18.292288572666376
1381,0.4647392054151638,-5.936508087398509
1382,1.4038191142462302,-20.504536410345178
1383,-0.11664958881280718,0.9759431002039757
1384,0.3769827261778689,-4.678340037360048
1385,-1.5925375785597864,-9.705761831539242
1386,-0.8727832357592882,3.5632957612191722
1387,1.189678099813639,-18.19296746561303
1388,-0.06189652694995873,0.5534105386029774
1389,-0.6633763612645924,3.8283083949832384
1390,0.38195624216057533,-4.665795928049664
1391,-1.8312683964381784,-22.316184856799754
1392,-0.4942082088449635,3.5164647192668608
1393,1.5076104007933684,-20.8619654930973
1394,-0.28928001429049566,2.437173723381775
1395,-0.3664064288863873,2.9719309251055237
1396,0.8304357360479822,-12.053976287780523
1397,0.21271261524048102,-2.3672674546359573
1398,-0.6381555315751979,3.7088344829612736
1399,-0.9131064962988078,3.3674882383041016
1400,0.6912456665467785,-9.707562548684198
1401,1.190952415214495,-17.883909108638996
1402,0.9517388335477199,-14.175821379988317
1403,-0.1837937654203845,1.4482324398898334
1404,0.6858072718631618,-9.543596597178379
1405,-0.833279274780415,3.8040741214733065
1406,-0.30115211417326293,2.282803225865396
1407,-1.9326869236683994,-29.998892045480652
1408,1.2262766847681905,-18.512320686633327
1409,0.18956767835413668,-2.0888788192684027
1410,1.2100916564293156,-18.209896771488108
1411,0.6963915493488764,-9.683146398111045
1412,-0.16731634258739936,1.4532738833652359
1413,0.4078328101271813,-5.205179795119469
1414,-0.4650969063616066,3.3226298930530196
1415,-1.304486398628876,-0.8781540871674745
1416,1.437560026129495,-20.559665862507003
1417,1.8819017651562118,-16.48770309436246
1418,-1.6131560133751517,-10.173112855940117
1419,0.8152684278299782,-11.767610521110171
1420,-0.293313274239249,2.5123563817964927
1421,-1.5718340684792245,-8.650400042441815
1422,-1.124534695240706,1.6854317181285519
1423,1.3880060398688108,-20.233768537166622
1424,0.6961582280605421,-9.729680199696999
1425,-1.8291410363525564,-22.191113306759195
1426,0.00893241700906966,-0.1671494795144992
1427,-1.126402144931768,1.8727190286876638
1428,-0.4893334673951104,3.543918314782406
1429,-1.4197533340936057,-3.659455609265345
1430,-1.5625153841677903,-8.421568604280775
1431,0.49727766093791814,-6.3763031692058165
1432,-1.4956000814956503,-6.032272516913499
1433,-0.19978751590338018,1.9345993520743796
1434,0.3341842897393943,-4.048406089990165
1435,-0.3651347669903875,3.0235754785422544
1436,0.8703647696472587,-12.751916937055848
1437,-1.9712649382110214,-33.312981891485464
1438,-0.7648727386161887,3.997862479898009
1439,0.6946343589315966,-9.662830050961917
1440,-0.23529718158803714,1.9112373616605507
1441,0.8560373684852096,-12.528653145248194
1442,1.3844675599959113,-20.188658309515677
1443,1.694542067661763,-20.43198111967148
1444,1.5140051769064984,-20.872095615339163
1445,0.20548138133384564,-2.277282740265737
1446,0.16099624941539226,-1.7663720415873105
1447,1.5029932948886553,-20.845525779234276
1448,-1.0851822049506383,2.2377845799356195
1449,-0.6215315886768971,3.763474940205113
1450,-0.5483041065627261,3.5608565078149708
1451,-1.5255816527037158,-6.957036029737325
1452,0.06471540051646052,-0.7301183051724134
1453,-1.3119074197498115,-1.1332219771639533
1454,1.563810232228319,-20.979439735005037
1455,1.552612020450706,-20.96907767059052
1456,1.4831124450324893,-20.967107715952718
1457,1.661295007408278,-20.49677131714497
1458,-1.5663507288744176,-8.437538672544584
1459,-0.6810522008868753,3.9074933203362527
1460,1.4401437618300434,-20.690367960408086
1461,1.529753652520903,-20.943840867023166
1462,0.8303843645729536,-12.0379723816024
1463,0.06488830895686437,-0.7326973476586988
1464,0.32801951417238495,-4.00907262150516
1465,-0.9452137431555911,3.220749646823886
1466,-0.7478562585158253,4.019751516688651
1467,-1.0807908861250572,2.245714966963827
1468,1.9048579805209696,-15.922325482561119
1469,0.19560823509580194,-2.1889898338193827
1470,0.7289615290061557,-10.27269872017004
1471,-0.24633376484975855,2.07679692825341
1472,-0.46896082853721355,3.3761951433121262
1473,1.352931841645046,-19.849261266841673
1474,0.7486825990003387,-10.592008109228345
1475,0.519854533714593,-6.637132928679309
1476,0.6680612922455627,-9.159794303247248
1477,0.8806107726304981,-12.96664194980201
1478,0.9702516379668236,-14.459123178584333
1479,1.4963828634016947,-20.960613648556595
1480,-1.1436186851970707,1.614718867938647
1481,0.009839967167416752,-0.02131924085968856
1482,-1.692935743110079,-14.055083803544012
1483,-0.07490450512239155,0.9003643008594904
1484,-0.7217101151447025,3.731721962647597
1485,1.0781031085028765,-16.349476085946673
1486,-0.8427423849611841,3.7109078885272355
1487,-1.239482897802537,0.20977606469354546
1488,1.8618294623578593,-16.994180422740605
1489,1.7034360681551632,-20.010616611701977
1490,-1.1055093261756421,2.0612087191832362
1491,1.670176841872303,-20.302256392375156
1492,1.812781275399019,-18.22465418223192
1493,-0.8873380564909623,3.574467945888005
1494,-0.8924935631116679,3.568574145142046
1495,1.4210726833500797,-20.64767654973035
1496,-0.30602828858113096,2.447983247252375
1497,1.2565972320900598,-18.880349904012753
1498,-1.032340976702939,2.886279914334825
1499,0.08884985584105642,-1.0648180551583364
1500,0.9431746344742646,-14.179426959980864
1501,-0.16594913609157302,1.3716274765287084
1502,0.4600074561843588,-5.752191182597315
1503,-0.2156513655529837,1.9581221326948146
1504,0.0028365507775927057,-0.05169913206430406
1505,-0.07860511704236872,0.7721123330880579
1506,-0.0503232352887335,0.5698127162748428
1507,0.952793179880548,-14.004103099256739
1508,0.5194526297180437,-6.723002227452756
1509,0.5820972149985231,-7.797941698994056
1510,0.1754843602729963,-1.917685113824842
1511,0.18157464212218244,-2.2131118903674527
1512,1.199587403241496,-18.263610206657482
1513,-0.7502161302555646,3.922343382314002
1514,-1.548462148241101,-7.935759895969283
1515,-0.9733954933154854,3.1872003552761337
1516,-0.5175191445745035,3.4511772635050715
1517,0.4629116372317097,-5.949232776274016
1518,-0.9511449818804616,3.236528895990326
1519,-0.11515996130954198,1.1213151830886745
1520,-0.5623359703064672,3.729123075688339
1521,1.687788971943403,-20.165401040262722
1522,-1.3370573422738445,-1.7564450887294574
1523,-0.6243598935460057,3.9696621367931275
1524,0.3987115537914785,-4.950224961351858
1525,-1.8123263497516509,-21.133109556528936
1526,1.7328754549792666,-19.573725993029523
1527,-0.034111415119194355,0.31761226366116196
1528,1.1475872167060888,-17.290949229617954
1529,1.5147502875698127,-20.895347443527704
1530,-1.1007162123531424,2.1057064115509005
1531,1.6379181764130832,-20.677207584773484
1532,-0.017013108620055117,0.26755715162357363
1533,-1.5478781178257108,-7.876302646966244
1534,-1.8214548592388549,-21.711433580541236
1535,-0.8132691444762608,3.8734673627425695
1536,-1.0639680600267547,2.5943749728413006
1537,0.7921586349682119,-11.323071915486578
1538,-0.27961797841129643,2.3732444814399574
1539,-1.6906847514629249,-14.125501071582223
1540,1.8919808426021931,-16.256266813137223
1541,-0.990606522614562,3.1939826411108476
1542,-0.09323440365534985,0.8879415012581343
1543,0.957479984301326,-14.16781779400937
1544,-0.1976632185216789,1.7923297973104002
1545,1.5785317825795344,-20.788174494048537
1546,-1.4240980864178256,-3.735467176295691
1547,-1.7406634423493856,-16.766389150540856
1548,1.6669424193105549,-20.3679758065547
1549,0.13542187806433192,-1.4238437546319744
1550,-1.3676293379473594,-2.463910751944021
1551,0.4414272606644296,-5.495621690004755
1552,1.464624623639169,-20.6581580168865
1553,-1.0821188785501126,2.3800527131394587
1554,0.05685341374995945,-0.7077204851734007
1555,0.13100475926864963,-1.4171052267970172
1556,-0.626039089838573,3.5820630374124405
1557,-0.42485598436578087,3.2754203940310593
1558,-0.22928666368421213,1.8735350755011986
1559,0.5901531667532507,-7.768560717390866
1560,0.7789109582677232,-11.176943692535852
1561,1.793734407345453,-18.7365403797988
1562,0.9590142060158389,-14.285905141463768
1563,-1.9587123913637918,-32.19689017818291
1564,0.3415115107149962,-4.189538374806167
1565,-0.6780467687986667,3.997328010750191
1566,1.389605172251632,-20.33685810172442
1567,1.3472416478919773,-19.960814081153476
1568,0.06109584171350413,-0.563467247613153
1569,1.8668003639332467,-16.82214519247063
1570,-0.9062820729989358,3.507831493380483
1571,-0.329894544535283,2.6473614321609227
1572,-1.1572089446023397,1.6243672804191287
1573,-0.8839248858905857,3.5242463179790002
1574,-0.8021242166966847,3.951416944558193
1575,-1.9787684702919273,-34.03931666286605
1576,-1.4856192662386412,-5.675577646298792
1577,1.693542339217903,-20.060625488181863
1578,0.029076545244567598,-0.28362997862639316
1579,-0.8580757178917024,3.701129601568751
1580,-0.8752382473751643,3.611170266471819
1581,0.379276434151846,-4.825109052033348
1582,-0.5891839304859512,3.5547140080725788
1583,1.0975441561282517,-16.799166833319333
1584,0.7409796743122721,-10.664138703776722
1585,0.6497563647207665,-9.168173742646925
1586,-0.38670724035612825,3.159741463936791
1587,-0.8874533355493948,3.5594338089060313
1588,0.1006123134844783,-0.8636097259640352
1589,0.20565359799587535,-2.1125080596593793
1590,1.5217553898904734,-21.03314557363923
1591,-0.8404775481314655,3.6862853984304467
1592,-0.5094753069715141,3.5320291220946403
1593,-0.4559645243209687,3.2898686845502545
1594,-1.034169995629012,2.6724392141892763
1595,-0.9796671391379346,3.177168781545523
1596,1.1154410324471704,-16.925135326762188
1597,-1.3946836418303294,-3.089105052361827
1598,-1.3843811955303185,-2.760431779769488
1599,1.454491811915548,-20.831244805557922
1600,0.014838877840374742,-0.16049150871061002
1601,0.9303931926151665,-13.748426267592684
1602,-1.0341078508797046,2.883643273900394
1603,0.7477272589461199,-10.559969850409857
1604,-1.550835913661778,-8.01171833075267
1605,-1.996347615057387,-35.56239530388352
1606,-1.663965851446532,-12.558733419437916
1607,0.5640394735114427,-7.418422852352949
1608,0.7157753695908222,-9.976500324622046
1609,0.37129795325576964,-4.544592100806795
1610,-0.8046398476319587,3.7040152784759806
1611,-0.14055880204951743,1.3241538919231064
1612,1.0747923727315172,-16.307600335043766
1613,1.7280222094849687,-19.869821116503836
1614,1.5422736722091899,-20.797600521391743
1615,0.49400609657617434,-6.3022711869381185
1616,0.8709601526493325,-12.898269674804615
1617,-1.4511248000306516,-4.587622978016881
1618,-0.8745292957989625,3.578106803137899
1619,-1.757976821924307,-17.952823533853714
1620,0.14333082727672863,-1.628251166548849
1621,-0.9627846849169699,3.52883614800712
1622,-1.0535116074946318,2.569266149902354
1623,0.8824868389793012,-12.85945672258986
1624,1.3069231052995867,-19.43692493421721
1625,-0.003551184616527703,-0.07788353331540768
1626,1.1741499194057061,-17.718448383096806
1627,1.55434863600806,-20.920790130116483
1628,-0.257539868008557,2.0241531879439476
1629,1.5009415517746354,-20.83419148420425
1630,-1.8281433584244433,-22.088741577563173
1631,0.5924337793847494,-7.912026312980806
1632,0.04003628801036507,-0.4168672591324987
1633,-1.860519256523006,-24.515657510077226
1634,-1.8973690851195868,-27.102251759401526
1635,0.03619879329684661,-0.4237686435632372
1636,-1.829316455042342,-22.209973103504804
1637,0.3694606885604075,-4.675697314365165
1638,0.4987012575512697,-6.505404508392915
1639,0.3858685967436992,-4.684673424864836
1640,-0.011084307592365228,-0.047226978355611696
1641,-0.3900104664706099,2.9492760214572855
1642,1.3887668147746544,-20.369061183295763
1643,1.0045742719852435,-15.054971814146782
1644,1.2745329503181635,-19.189332019275422
1645,-0.9935112701581077,2.944074052026241
1646,-1.035198984597435,2.692576735822789
1647,0.08590758196800419,-0.7736847336849576
1648,-0.8116804458186859,3.6734780064407904
1649,-1.8943619826770597,-26.854414731913817
1650,1.1980987206009637,-18.257460323188038
1651,1.4311790398412576,-20.714999458217182
1652,0.6684653989931579,-9.183708495962557
1653,1.9152479947474292,-15.389394956165521
1654,0.2468945524122539,-2.9905898813596536
1655,1.171281682053999,-17.662794617590112
1656,-1.7683997034208465,-18.12226353218192
1657,0.6450157966835581,-8.898524871736214
1658,1.7509750359596632,-19.439005202426472
1659,-0.38349805141855464,2.8498780840421425
1660,0.9475890994208358,-14.142112810149461
1661,0.8063965876193269,-11.505588430007586
1662,0.4953172210250516,-6.476993373000183
1663,1.7512518768387277,-19.435035627331786
1664,0.7606451543884103,-10.797406521471018
1665,1.8133319034820592,-18.432573728524233
1666,1.8126614325727237,-18.299899967699687
1667,0.20738345955137172,-2.3434904029756214
1668,-0.08864977513121008,0.7936072737149396
1669,1.8781937753371931,-16.69997786470003
1670,1.2017078452605374,-18.139392614076
1671,0.8980823475406785,-13.298123412339397
1672,-0.24732345919072252,1.979196096740113
1673,0.7760919276989147,-11.08282891465896
1674,-1.3033157946676224,-0.9514061182268755
1675,0.9030903882570667,-13.386197320273249
1676,-1.322057509413777,-1.349918511406908
1677,-0.8853118332365799,3.6145892937524766
1678,1.7692176678812577,-19.201749184495206
1679,0.38579055792029715,-4.657648766434995
1680,0.6390859402210705,-8.719129331745107
1681,-0.12692391774513467,1.0501807893880661
1682,-1.3667127994231474,-2.451579001547015
1683,0.15189273183899799,-1.8877039529324402
1684,-0.08495394906413445,0.646733948804043
1685,-1.4295523509497277,-3.8568246244677638
1686,-0.2659376174286927,2.251979722551015
1687,-1.4766179897763787,-5.491983874381466
1688,1.2306033167855688,-18.633360993977064
1689,0.19175848435710563,-2.1361285572243247
1690,0.7108426391257425,-9.881223763158848
1691,-0.3350127385384054,2.678514935722903
1692,-1.0233871073662448,2.752753150699462
1693,-1.2501059075697074,0.09598801401977487
1694,-0.4753539524088062,3.4030280214186526
1695,-0.6149926670199641,3.7500290909864527
1696,-1.9239458441327884,-29.49574771562672
1697,-0.5814001288259347,3.8452485495884043
1698,-1.2543242817945353,0.005036429253228669
1699,0.6094574221428948,-8.368620679701351
1700,1.1290558581458279,-17.228540663986653
1701,-0.7789436913047814,3.829660488883533
1702,-0.08506067558110608,0.8075393413256735
1703,-0.9400766524896902,3.432596909263323
1704,1.503786464316247,-20.871812977810574
1705,-0.07652621806049975,0.688277820492527
1706,0.9039441046353605,-13.298053019575681
1707,0.1442431584386803,-1.5558694441441758
1708,-0.8843061903781568,3.4838767908832495
1709,0.5641154385404872,-7.535280691889031
1710,1.6552089696684602,-20.495700167696086
1711,1.0454533901857923,-15.855000614387194
1712,-1.2860445938311535,-0.4785233644644697
1713,-0.0070457576666163035,0.1214817323284281
1714,0.6446434563663654,-9.026352424041356
1715,0.7472907520183125,-10.60969418382287
1716,-1.4502049462799533,-4.34129651730118
1717,-1.4406353628952582,-4.311277046158415
1718,0.9391181422007322,-13.741083600308873
1719,-1.0380126736124495,2.627151846062318
1720,-0.9512835830441877,3.327553512131067
1721,-1.0692349511513943,2.2830784430856306
1722,1.7468063267914693,-19.583083355203577
1723,0.36019170026160374,-4.119052023651268
1724,-1.9149671912320207,-28.611186017254035
1725,1.0640030448268534,-16.19374436748601
1726,-1.1486913622015362,1.498171340140701
1727,-1.4355811486373309,-4.01504935312828
1728,-0.17144439802068057,1.5571231502049188
1729,1.5173164449753052,-20.989303289405935
1730,-1.760717488904071,-18.06419508933511
1731,0.4457059219896493,-5.745978104561081
1732,-1.957918259726922,-32.26462841383834
1733,0.5512914858377953,-7.171182700523323
1734,0.8084644954328546,-11.642816711909898
1735,1.135642807799893,-17.242237355880423
1736,0.4967020836695011,-6.385065127618588
1737,0.048458840541115045,-0.4321092339272856
1738,0.3648710714648984,-4.531487343491791
1739,0.9752555076703842,-14.641811477465078
1740,1.1792537843921362,-18.075248758211217
1741,0.05965442257349407,-0.8203533321800629
1742,-0.7371696484155406,4.08498308897711
1743,0.20354620184164762,-2.301518005168334
1744,-1.2376872206035707,0.1984634772251196
1745,0.7914388032902826,-11.455727300741884
1746,0.33184470441509983,-3.7289013869985816
1747,1.361402602939009,-20.047880527586674
1748,-0.7579951248805195,3.870523307187566
1749,1.0412893563021144,-15.683353591091473
1750,0.08780400939554722,-0.9233153827739307
1751,1.2921509363373436,-19.236348970680886
1752,0.6636721750338959,-9.057165526403173
1753,-0.9984048334263353,2.9766673091139344
1754,-1.802863047344872,-20.629703883480115
1755,-0.567551131739529,3.8051218182994404
1756,-1.1974538913928257,1.1254523895837474
1757,-1.63835809461882,-11.668177837485509
1758,-0.6155114303664342,3.6459948632197303
1759,-0.7615635241990106,3.9837858108859496
1760,-1.197684599648809,1.1332260644438934
1761,0.3078839230517394,-3.5113399743950966
1762,-0.3581115406339985,2.868160953977806
1763,1.8059818437567734,-18.35851160606711
1764,0.12891411634401306,-1.4113549631477469
1765,0.042997766773575474,-0.524309743560055
1766,0.027875811014037133,-0.29978246794081365
1767,0.3975689152818491,-4.890121409899781
1768,-1.1368788249487145,1.43963675683329
1769,0.07562604265902095,-0.8204911092079524
1770,-1.3268723785457182,-1.2811099666120278
1771,-0.7369420779677736,3.7534053846314923
1772,0.704643686597878,-9.771924793888866
1773,0.08160065411292594,-0.8828333272889638
1774,-0.4728204380808423,3.2635959992121752
1775,1.7197769017925433,-19.79117245009918
1776,1.3261851160558011,-19.75704092923127
1777,-1.085872813123069,2.3620124897950223
1778,0.9255673958082569,-13.802280357913228
1779,-1.610863163484178,-10.303169390522955
1780,1.5406479341603716,-20.98817720643959
1781,-0.19507141964854524,1.7459913873214987
1782,-1.4030851608535184,-3.2745256542161236
1783,1.3552431921891737,-19.87332668389976
1784,-1.6838188187943235,-13.924707953089918
1785,1.7791417069389732,-18.836865370961213
1786,-1.5664288724211506,-8.460373156965296
1787,-0.11405431084388429,1.101336721567666
1788,1.6571230941434796,-20.39242062839229
1789,-1.5058629879525292,-6.3096989873932126
1790,-1.2817874872338546,-0.6198104022432633
1791,-0.7715574555690146,3.686554816270135
1792,-1.8686524489170906,-25.133942390440648
1793,-0.6037548433922644,3.8641138192178968
1794,1.4211659619468486,-20.649637895004464
1795,1.1310307990818007,-17.285112214732454
1796,1.9286004263916672,-14.885027143724619
1797,-1.0081278565934255,2.8461683591542055
1798,-0.4603434041970842,3.3683826649054627
1799,-0.39630669232365445,3.0912249135188823
1800,1.6598459364695315,-20.768865963282277
1801,1.6201571503565222,-20.640113220336023
1802,1.770159413724957,-19.23378373479864
1803,-1.9616079639593011,-32.51653499199726
1804,1.4096518762539976,-20.46379565703905
1805,-0.04731378750131565,0.33310453927541794
1806,-1.5774643672732425,-8.720533982260699
1807,-1.0255003712547208,2.8793712238552
1808,1.9312837842089854,-14.819304297400038
1809,-1.3409184490492132,-1.5342685730899503
1810,-0.7562356183014485,3.805948744586422
1811,-0.3574859384620912,2.737641707982616
1812,-1.8154015533833063,-21.258036942070802
1813,-1.7902393770205465,-19.832312261347283
1814,-1.6363853052154886,-11.515581879048812
1815,-1.0821633179759087,2.237214993494426
1816,0.8645696843256316,-12.80034055344211
1817,0.2570708310463221,-2.9095257863313786
1818,-0.7094664759583837,3.9063638078627765
1819,0.18738986217424802,-2.2266757768207825
1820,-1.9280224492667881,-29.690428551457703
1821,-1.625674276399581,-10.920951774447078
1822,0.5815867159819366,-7.666720184685464
1823,-0.8127834052173535,3.7705718365030334
1824,1.1217725148434012,-16.926684061614726
1825,-0.863121660940815,3.733885557131537
1826,-1.080081425004444,2.17843144473079
1827,0.8935784629168015,-13.033130905663164
1828,0.7404254645931374,-10.695461877242247
1829,-1.8052295474103217,-20.613240694357625
1830,-1.525760174415491,-6.973257408795022
1831,1.7858083207838384,-18.972311825798457
1832,-1.0327517594791837,2.8038749327003925
1833,1.6553401507925067,-20.62885961219562
1834,-1.8393631773427286,-22.845495933266314
1835,-0.9803075165035104,3.130321837807468
1836,1.0289779483532397,-15.425254937858021
1837,1.1833639698680134,-18.054613412481725
1838,0.3210825782163029,-3.9965290918543444
1839,-0.05713935464591913,0.5150485152246772
1840,-1.3320962763761646,-1.5264232000319538
1841,1.9786133696582047,-12.810191486094745
1842,1.2537145628016266,-18.88964141124621
1843,-1.1186263467076403,1.9335344716929836
1844,0.45401018511956615,-5.696072221757638
1845,1.9413450302474424,-14.605198747377628
1846,-1.9702691145188673,-33.25249053155561
1847,-0.9805429292291383,3.114186808714732
1848,1.2291303922495076,-18.54130129689465
1849,-1.2453895035352165,0.17412508465430743
1850,-0.7854920904269513,3.8911587035121813
1851,-0.5190116134050755,3.544618267091995
1852,1.8085378612466023,-18.472014839263505
1853,1.572300622863672,-21.04395704111336
1854,0.9228212382626269,-13.78405507009534
1855,-1.3660296733474517,-2.188310837718156
1856,0.3003567183234699,-3.614444530227162
1857,-1.475743543243659,-5.425516323284543
1858,0.46313529899062544,-5.865394101440267
1859,-1.1042963969677393,2.042938598396631
1860,-0.7081856666979203,3.8218087282922464
1861,0.692908046258514,-9.734312239546558
1862,1.517628342243046,-20.911500551315854
1863,1.4831086872438486,-20.74866364531198
1864,1.9100263931923385,-15.512530098731617
1865,-1.7941724721197416,-20.03054538442838
1866,1.5068360115352544,-20.95520741774023
1867,1.066671979536724,-16.143824878498474
1868,-0.362365987191815,2.949448439072006
1869,0.22696312458559564,-2.627855428062557
1870,0.7182526855508065,-10.141715227656945
1871,0.06102085930369405,-0.5621745927310835
1872,-0.8295476115031346,3.637102799241126
1873,-1.6359506717024215,-11.434126883031773
1874,0.798456875337175,-11.408012789243289
1875,-0.282291847152758,2.420946979201955
1876,-1.312158136673414,-1.0686396703735863
1877,-1.8115977214835501,-21.090944911558605
1878,0.8722155147617503,-12.642309711202767
1879,-0.5783104267433616,3.728629972526083
1880,0.5333101852083937,-6.946130457891396
1881,0.04910121282718727,-0.4231913614125053
1882,-1.5292772583243393,-6.8791821041949
1883,0.49499293289203683,-6.505515511914894
1884,-1.3414759697096517,-1.7380710422695187
1885,1.6061883211752268,-20.70333240053006
1886,0.4235540082159144,-5.215587655761557
1887,0.5520175575814306,-7.462762933796133
1888,-0.4149553040342777,3.061399567383012
1889,-0.5938529624877869,3.667940419536208
1890,0.3872164771321538,-4.837788300153535
1891,1.8736105778507586,-16.670995321095607
1892,1.5090972908863662,-21.05698793258701
1893,0.7959222412676259,-11.149556695310547
1894,0.19676987399328771,-2.2529934151094753
1895,1.4003760822032607,-20.396260474534927
1896,-1.9983198833207316,-35.84189144015734
1897,-0.7709426551979979,3.7457368314966826
1898,-1.6403526402606183,-11.727969592789886
1899,0.7570998022578599,-10.792495145873037
1900,-1.366028261154983,-2.3060463780689955
1901,-0.5693350266500423,3.785060048940036
1902,0.3997233799114146,-4.754870431029323
1903,-0.8372301522244969,3.882734854826622
1904,-0.3621718813455459,2.905604147088383
1905,0.9556195236474752,-14.232233477359657
1906,-1.202466113806794,1.0125757703388045
1907,0.370575959729579,-4.723944655358045
1908,1.1276209287160777,-17.024696109240015
1909,0.3614084090212799,-4.415790838788214
1910,0.23871442720896097,-2.642985726189763
1911,-1.9415902031645405,-30.665569965357403
1912,1.9389089802903565,-14.462256976409627
1913,-0.18018731252139597,1.571347393951923
1914,-0.1744145034503104,1.4986916130891856
1915,1.5874106098105023,-20.96629790908567
1916,-1.054791796130146,2.7842748344314696
1917,1.9645898560172932,-13.59449307966583
1918,1.4370978600039908,-20.688865562368793
1919,1.524425225942844,-20.982049006612538
1920,1.9129754692921623,-15.505814994419424
1921,1.1753091727566236,-17.73677230230052
1922,1.711047884614505,-19.84880527791
1923,-0.694601350950212,3.755666960666186
1924,0.7002305174763244,-9.870120342604308
1925,-1.6016931519896098,-9.935909092636885
1926,1.0051626028799503,-15.257797051545278
1927,1.1498503453389985,-17.294839546528816
1928,1.1538811245069707,-17.579787511120283
1929,-1.775698628445146,-18.57696403847274
1930,-0.8284393537154444,3.7507373814219855
1931,-1.7661817155101054,-18.511624050897456
1932,1.5272175920157989,-20.903864854903677
1933,-1.7073489660535626,-14.934443188788086
1934,1.858541103130583,-17.271695053297456
1935,1.5389542236976408,-21.132931174111718
1936,0.4865124650927499,-6.371818747404749
1937,-0.25978862444047346,2.2465085886435974
1938,-1.6624592500373927,-12.771545520046043
1939,-1.0060498968833045,2.8825956788585865
1940,0.5140033001983166,-6.901068131995552
1941,0.3653040364130087,-4.485395466863932
1942,1.0286143635820526,-15.483340482693018
1943,0.8159223747077631,-11.699394293001012
1944,0.005738030497292268,0.2362946541996179
1945,0.9698151783823254,-14.56122268490292
1946,1.2304476904611499,-18.395189539568126
1947,-1.9068592175328982,-27.91930436156746
1948,-1.6204189630665033,-10.722733978517718
1949,-1.7888419767714412,-19.706055198234473
1950,-0.8384130803923893,3.887304745309259
1951,0.47883259165904635,-6.2652111280796845
1952,-0.602150721474874,3.7045802641991346
1953,1.2731270305953037,-19.07793863341872
1954,0.5414349617080689,-6.994147434206331
1955,-1.685795160382766,-13.753849835087872
1956,-0.7792651556496581,3.8675252719454085
1957,1.3379513207741183,-19.919642391070475
1958,0.5855290710712735,-7.87407853673641
1959,0.6957208776323425,-9.674739497873086
1960,-0.5299601311475084,3.409871731437444
1961,-0.21089590326795893,1.9623711424323418
1962,-0.058377938961675646,0.4849135797675164
1963,-0.23654246650104804,2.0641785175576706
1964,0.7409537181863488,-10.549729951053328
1965,0.10943213112413996,-1.200835764935447
1966,0.04100541494198984,-0.25738426146667204
1967,1.6991208540299598,-20.16876217519222
1968,0.20453455705630796,-2.298313495198468
1969,-0.22248959360513032,1.9381954318267436
1970,1.0872961090810884,-16.375273805155295
1971,-0.8882062649583027,3.499596887888634
1972,-1.5758407963459509,-8.844737146330226
1973,1.3358800543654983,-19.776646515641986
1974,0.6648783191854606,-9.224754785325386
1975,0.8296154380151628,-12.113383512791753
1976,-1.0382166272477504,2.922455965570683
1977,1.4764897823212837,-20.681385895223297
1978,-0.12925832667348613,1.0375248556733216
1979,0.1685986160100441,-1.8212261512146977
1980,0.1469437658059478,-1.5970942772453336
1981,-0.9274092417436179,3.570918026490135
1982,0.42508844305253835,-5.234104977221823
1983,-1.725223704702867,-15.922912605971462
1984,0.6035297914434374,-8.129355590229112
1985,1.3657368003088504,-20.00290183364179
1986,-0.13061812817635987,1.2661350948517476
1987,0.401540253654614,-4.857000525378255
1988,0.23516293853768389,-2.8551245144678825
1989,1.2446971382835885,-18.634730439445814
1990,-1.5399514688346616,-7.381418119858191
1991,-0.44836072011587813,3.3127032472112745
1992,1.2802053740849706,-19.298829524795032
1993,-1.6313003820370962,-11.005465561542586
1994,-1.7905951884294136,-19.78316219343846
1995,0.7085188938639382,-10.00290037933654
1996,0.6830877137770228,-9.50554107832503
1997,0.28582918410809954,-3.4673774865879983
1998,0.4860338691362278,-6.3863346795625
1999,-0.06030456377970328,0.522787762929269
