4.383470067164694228e+00,-5.313691248041971349e+00,1.000000000000000000e+00
-8.112547180762256005e+00,7.608922518040965421e+00,3.000000000000000000e+00
-5.160209216982505787e+00,5.035979808422481163e+00,3.000000000000000000e+00
-9.613371846093233586e+00,-9.646664333412752868e+00,2.000000000000000000e+00
5.674746291395852182e+00,-4.430709078090356634e+00,1.000000000000000000e+00
-7.477835012509858714e+00,8.471619353849078493e+00,3.000000000000000000e+00
-7.924110837814135166e+00,-8.934566093303685008e+00,2.000000000000000000e+00
5.535521521091343322e-01,2.174813508714582344e+00,0.000000000000000000e+00
6.708496834014836097e+00,-3.986132012180579665e+00,1.000000000000000000e+00
7.618409142516915367e-01,2.830353505515938561e+00,0.000000000000000000e+00
6.583296906994235975e-01,2.209579919115320035e+00,0.000000000000000000e+00
-8.777915312419560578e+00,-1.010267449126033767e+01,2.000000000000000000e+00
1.020875625167266154e+00,3.741226016166866231e+00,0.000000000000000000e+00
-1.049600168076427753e-01,2.435952282119387746e+00,0.000000000000000000e+00
-5.951466355052095203e-01,3.287135786004798277e+00,0.000000000000000000e+00
6.529475829432205281e-01,2.484197763078005661e+00,0.000000000000000000e+00
3.083227348444427030e+00,-6.687060066505553735e+00,1.000000000000000000e+00
4.894654939215238088e+00,-4.002693433287436875e+00,1.000000000000000000e+00
4.791878626299027388e+00,-4.300314698062583929e+00,1.000000000000000000e+00
-7.678528888658977536e+00,-9.750536214492255382e+00,2.000000000000000000e+00
-6.418109750467530183e+00,6.366347957746930852e+00,3.000000000000000000e+00
4.814916110169904506e+00,-4.199891433634576288e+00,1.000000000000000000e+00
1.285699119680053792e-01,3.163831466020994743e+00,0.000000000000000000e+00
5.105363331084885381e+00,-4.906172282725836276e+00,1.000000000000000000e+00
3.404432693547627675e-01,2.661394344868015072e+00,0.000000000000000000e+00
-5.199761596574792755e+00,6.640895645867355590e+00,3.000000000000000000e+00
-9.715755848084048907e+00,-9.629460096375266787e+00,2.000000000000000000e+00
2.961036806847655356e+00,2.724374881441561591e+00,0.000000000000000000e+00
2.634843382259488997e+00,2.687415721256604773e+00,0.000000000000000000e+00
-7.991347231651238836e+00,6.373225313351806420e+00,3.000000000000000000e+00
5.308073614230970350e+00,-5.338585757307432011e+00,1.000000000000000000e+00
-8.184833586857870102e+00,-1.086820654378419171e+01,2.000000000000000000e+00
5.039628181006545304e+00,-4.391856208141753370e+00,1.000000000000000000e+00
5.373775957991583141e+00,-5.814207336494806810e+00,1.000000000000000000e+00
-5.891527173546867502e+00,5.913401462756652904e+00,3.000000000000000000e+00
-6.109143998345053284e+00,5.786366455413217480e+00,3.000000000000000000e+00
1.142134982654216646e+00,3.292787900983940474e+00,0.000000000000000000e+00
-7.847555211320702995e+00,6.026051096374076543e+00,3.000000000000000000e+00
-1.060453297311834930e+01,-7.923016485687289112e+00,2.000000000000000000e+00
7.105582275644735546e+00,-4.788671834274023986e+00,1.000000000000000000e+00
-7.305976056133511420e+00,5.114017593706481790e+00,3.000000000000000000e+00
-1.352390689955267344e-01,3.085781055962136143e+00,0.000000000000000000e+00
-8.367096395443045509e+00,-9.764510322497907069e+00,2.000000000000000000e+00
5.209394197968663098e-01,4.229335164902339628e+00,0.000000000000000000e+00
-8.171479005926173045e+00,-1.034759299835514135e+01,2.000000000000000000e+00
1.073004959162943361e+00,2.571847694136312867e+00,0.000000000000000000e+00
4.302113129273188896e+00,-7.327025530041310297e+00,1.000000000000000000e+00
-6.957868102261659082e+00,6.968491259320295228e+00,3.000000000000000000e+00
-8.597511902342361623e+00,-1.091367221353980277e+01,2.000000000000000000e+00
1.645462367598858222e+00,1.458186383853389945e+00,0.000000000000000000e+00
-7.095945760877582664e+00,6.877605281017736161e+00,3.000000000000000000e+00
-7.227473305114772373e+00,6.109764582137804823e+00,3.000000000000000000e+00
-1.022631600895865311e+01,-1.103218332017226722e+01,2.000000000000000000e+00
-8.669211560843361752e+00,-9.924194770604804816e+00,2.000000000000000000e+00
1.139339920550363594e+00,2.536075559269550972e+00,0.000000000000000000e+00
2.267747672014166049e+00,3.837221155764694025e+00,0.000000000000000000e+00
-7.086270034271163532e+00,6.036193356473233962e+00,3.000000000000000000e+00
-8.752041378885708767e+00,-9.092402934914824542e+00,2.000000000000000000e+00
-9.885025204842484925e+00,-1.077903397777883399e+01,2.000000000000000000e+00
-8.124123143591216234e+00,-9.327275963718205887e+00,2.000000000000000000e+00
-7.651442963897623351e+00,5.928421567742105047e+00,3.000000000000000000e+00
4.412302636154138646e+00,-4.344286407280346651e+00,1.000000000000000000e+00
-5.764388961392035604e+00,6.280395433738599209e+00,3.000000000000000000e+00
-8.544569842625866940e+00,-8.944167305985624594e+00,2.000000000000000000e+00
-8.486007213278551120e+00,-9.721838903153784628e+00,2.000000000000000000e+00
1.878756819136751410e+00,3.435144107137870773e+00,0.000000000000000000e+00
4.011259950065658941e+00,-4.944540179689751014e+00,1.000000000000000000e+00
-6.376798780681514955e+00,7.465066871202640009e+00,3.000000000000000000e+00
2.093899328546419802e+00,1.774511255059920689e+00,0.000000000000000000e+00
4.167545886721410575e+00,-3.205408707025709347e+00,1.000000000000000000e+00
5.337098344020454022e+00,-5.227772462041422763e+00,1.000000000000000000e+00
-8.784798186533718578e+00,-1.051835694957904010e+01,2.000000000000000000e+00
-8.572736275099204661e+00,-1.056318688789721705e+01,2.000000000000000000e+00
-7.400186513808841404e+00,5.669992081692961428e+00,3.000000000000000000e+00
-8.492420503866233261e+00,-1.007544245509147984e+01,2.000000000000000000e+00
1.105088294217034139e+00,9.674726663234669566e-01,0.000000000000000000e+00
-6.956475467190898598e+00,7.765832542245817649e+00,3.000000000000000000e+00
3.708129861170235131e-01,2.311897390991151546e+00,0.000000000000000000e+00
9.942414835920975191e-01,3.020431365174422567e+00,0.000000000000000000e+00
-8.761075706865867119e+00,-1.015688523589074066e+01,2.000000000000000000e+00
3.856779268388278226e+00,-4.699433591695425960e+00,1.000000000000000000e+00
-1.040626686561883751e+01,-9.030124166949814679e+00,2.000000000000000000e+00
-9.126719314599206712e+00,-8.966890769618329315e+00,2.000000000000000000e+00
4.899891560202788376e+00,-4.890508883603318147e+00,1.000000000000000000e+00
1.757561117293568120e+00,2.773633520950637976e+00,0.000000000000000000e+00
5.058632865577282978e+00,-4.823146763302418094e+00,1.000000000000000000e+00
1.657614954564583964e+00,2.521758937336269657e+00,0.000000000000000000e+00
3.520180746835882557e-01,3.647135302568459192e+00,0.000000000000000000e+00
4.990130615960506333e+00,-5.569485871306429914e+00,1.000000000000000000e+00
-8.805480721941799871e+00,-1.091829397026800130e+01,2.000000000000000000e+00
-6.187802192667288814e+00,7.117169651462689650e+00,3.000000000000000000e+00
1.166275789280755371e+00,1.325741273658187502e+00,0.000000000000000000e+00
1.081292046077393154e+00,2.859986205560240524e+00,0.000000000000000000e+00
-6.828528732061419859e+00,4.593688256830445127e+00,3.000000000000000000e+00
1.521339800508280993e+00,2.130846392674670575e+00,0.000000000000000000e+00
1.644490881322239417e+00,4.077928161379675842e+00,0.000000000000000000e+00
4.610094014627287073e+00,-4.471082950328481687e+00,1.000000000000000000e+00
2.939220120990415630e-01,2.744546207084041622e+00,0.000000000000000000e+00
4.649007528575024750e+00,-6.298371183362692527e+00,1.000000000000000000e+00
-9.122490321073403408e+00,-1.042275134193793917e+01,2.000000000000000000e+00
-7.876132189610867584e+00,6.569134125379824773e+00,3.000000000000000000e+00
-6.412411594727204900e+00,5.124528777364451670e+00,3.000000000000000000e+00
-5.858775826076886517e+00,6.790215863986242439e+00,3.000000000000000000e+00
-8.038602442204748399e+00,-8.825563329750309549e+00,2.000000000000000000e+00
3.704241107076885697e+00,-3.314864994061042403e+00,1.000000000000000000e+00
1.516752989067069679e+00,2.490097312637595373e+00,0.000000000000000000e+00
4.816019450485813813e+00,-5.068999059084601022e+00,1.000000000000000000e+00
-6.673245974077037346e+00,6.521475809675724378e+00,3.000000000000000000e+00
1.953123216202144796e+00,2.539796228922943211e+00,0.000000000000000000e+00
3.775594705610223922e+00,-5.353460856445863669e+00,1.000000000000000000e+00
-8.929341527874242956e+00,-9.484773497854385838e+00,2.000000000000000000e+00
4.410636978703725397e+00,-5.849199666555639610e+00,1.000000000000000000e+00
-8.549568091558372274e+00,-8.184143398005678804e+00,2.000000000000000000e+00
-7.257574864496718625e+00,7.009160705258185686e+00,3.000000000000000000e+00
5.211328677055119485e+00,-4.215692325372333293e+00,1.000000000000000000e+00
-8.579131681575312030e+00,-1.087548603805787373e+01,2.000000000000000000e+00
-6.944600535290998522e+00,6.983918645814289228e+00,3.000000000000000000e+00
1.034140283610417876e+00,3.477575978705725213e+00,0.000000000000000000e+00
5.567742751079483909e+00,-4.900916885283898239e+00,1.000000000000000000e+00
-8.042245036123224722e+00,-9.102946423657071406e+00,2.000000000000000000e+00
-6.167190254287433504e+00,7.218282391668213727e+00,3.000000000000000000e+00
-7.645932146167813137e+00,-9.733764445517664399e+00,2.000000000000000000e+00
-6.663493207805734286e+00,7.362976024845338863e+00,3.000000000000000000e+00
2.519434049830581390e+00,4.681871985458699648e+00,0.000000000000000000e+00
4.725030175887944495e+00,-4.490337720661591092e+00,1.000000000000000000e+00
-8.329065556415253369e+00,-1.018062510660915443e+01,2.000000000000000000e+00
-9.597198354191926128e+00,-9.652447420072812534e+00,2.000000000000000000e+00
-6.177216280803243365e+00,8.262033146395854288e+00,3.000000000000000000e+00
-9.951187224133111187e+00,-9.730779652354081932e+00,2.000000000000000000e+00
4.201811095600195500e+00,-4.063233134459191653e+00,1.000000000000000000e+00
3.002440377507262781e+00,2.887541773394630695e+00,0.000000000000000000e+00
-7.220164342522346956e+00,6.208377382703581304e+00,3.000000000000000000e+00
-8.806471541112774304e+00,-9.704475854847613547e+00,2.000000000000000000e+00
1.017191892734750969e+00,3.367046588312384348e+00,0.000000000000000000e+00
3.825622887614963386e+00,-5.531514701996790961e+00,1.000000000000000000e+00
3.563563564030244102e+00,-6.099021315201022198e+00,1.000000000000000000e+00
1.147905983896692073e+00,5.858274546766882196e+00,0.000000000000000000e+00
-8.265660430147264037e+00,-1.136187029740083076e+01,2.000000000000000000e+00
-1.077903280191646829e+01,-8.310646121869034175e+00,2.000000000000000000e+00
1.012743116135310650e+00,2.083689474506574602e+00,0.000000000000000000e+00
-7.257295873291561783e+00,7.586119922473697486e+00,3.000000000000000000e+00
8.251673278214484153e-01,2.969416336319222971e+00,0.000000000000000000e+00
4.689497738469088794e+00,-4.534052873394395000e+00,1.000000000000000000e+00
7.947811583334803975e-01,3.812521454060344706e+00,0.000000000000000000e+00
9.515556109663535489e-01,2.450720461539651396e+00,0.000000000000000000e+00
-6.436579639200071590e+00,7.363701014439031134e+00,3.000000000000000000e+00
-5.676819490899300824e+00,6.317391375126676145e+00,3.000000000000000000e+00
4.617190103672093038e+00,-5.424935969716055517e+00,1.000000000000000000e+00
5.389279271325706056e+00,-3.892665390345613652e+00,1.000000000000000000e+00
-9.768384618053733703e+00,-9.143540357063081103e+00,2.000000000000000000e+00
-6.835328241933040339e+00,6.805686287388150291e+00,3.000000000000000000e+00
-6.665712039802385469e+00,6.679970358408525044e+00,3.000000000000000000e+00
1.540144577054828767e+00,1.664620215065729436e+00,0.000000000000000000e+00
-9.843881556642346098e+00,-9.952691070174049415e+00,2.000000000000000000e+00
2.532097920689870385e+00,3.198055983067324082e+00,0.000000000000000000e+00
5.714310630173859096e+00,-6.629706752747782872e+00,1.000000000000000000e+00
4.867427417210622664e+00,-3.627513768515233217e+00,1.000000000000000000e+00
4.190724553832740007e+00,-5.443056970475648626e+00,1.000000000000000000e+00
5.398415630519441066e+00,-4.346299584634004454e+00,1.000000000000000000e+00
1.887779776684992861e+00,1.652247356087830354e+00,0.000000000000000000e+00
6.365960877889358382e-01,2.871020213729163828e+00,0.000000000000000000e+00
-9.093674982268037610e+00,-1.081550963913168317e+01,2.000000000000000000e+00
9.309149652275592324e-01,3.915069377390502758e+00,0.000000000000000000e+00
-8.707855081961772825e+00,-7.899530817364276203e+00,2.000000000000000000e+00
1.022609989272877495e+00,2.080371310913903482e+00,0.000000000000000000e+00
1.297135595256411422e+00,3.484563299276232318e+00,0.000000000000000000e+00
-8.821734353303014586e+00,-9.744346353615471301e+00,2.000000000000000000e+00
7.323090940235912338e-01,7.855392860095755658e-01,0.000000000000000000e+00
4.649871479980840050e+00,-5.257660273432872344e+00,1.000000000000000000e+00
-6.686503631585713592e+00,7.760075344252766349e+00,3.000000000000000000e+00
1.317432411331504571e+00,4.330750692931340851e+00,0.000000000000000000e+00
-6.125619725958621586e+00,7.085027428756930590e+00,3.000000000000000000e+00
1.023312820202113116e+00,3.213675861162727188e+00,0.000000000000000000e+00
-9.600568559862853846e+00,-1.165382932362019908e+01,2.000000000000000000e+00
3.880755258739599922e-01,2.744064730902346927e+00,0.000000000000000000e+00
5.435796536331970685e+00,-5.644507172990500976e+00,1.000000000000000000e+00
-8.958753343326103291e+00,-1.009661976735547739e+01,2.000000000000000000e+00
1.965109142541508813e+00,4.275064082426424328e+00,0.000000000000000000e+00
-6.816407882685484587e+00,4.834882334754783351e+00,3.000000000000000000e+00
9.201052449900192221e-01,3.431262507841310594e+00,0.000000000000000000e+00
1.446938308371602311e+00,2.402175748304844038e+00,0.000000000000000000e+00
-2.068882692181928107e-02,2.476363613881298331e+00,0.000000000000000000e+00
-8.648275858388734250e+00,-9.099799482827897634e+00,2.000000000000000000e+00
1.379608788348103854e+00,1.590874485173126907e+00,0.000000000000000000e+00
1.012137851509125941e+00,4.250396778230731698e+00,0.000000000000000000e+00
-7.488434373729242033e+00,5.502580309276613235e+00,3.000000000000000000e+00
-7.508232454573158243e+00,6.682781010141638056e+00,3.000000000000000000e+00
-7.276854709320077497e+00,5.363768395064593797e+00,3.000000000000000000e+00
4.828407753989350404e+00,-5.455198843435959510e+00,1.000000000000000000e+00
-8.245274203989040984e+00,-9.575184189818536140e+00,2.000000000000000000e+00
-5.101911360314406174e+00,5.754721196442172726e+00,3.000000000000000000e+00
-7.936227913458832717e+00,-9.870801095740651121e+00,2.000000000000000000e+00
4.679881758108771272e+00,-5.795371012614839223e+00,1.000000000000000000e+00
2.443773485696426606e-01,3.143197838187729687e+00,0.000000000000000000e+00
-5.316646118689726030e+00,7.150995880830786078e+00,3.000000000000000000e+00
-6.299137016313809845e+00,7.013534417043877589e+00,3.000000000000000000e+00
4.568979237038452546e+00,-5.347362442194340204e+00,1.000000000000000000e+00
5.970340755383013454e-01,2.697028491179734200e+00,0.000000000000000000e+00
-8.287666395848884093e+00,-9.264051521337046680e+00,2.000000000000000000e+00
5.554388280469095385e+00,-4.954563346288438197e+00,1.000000000000000000e+00
-7.427738489689549084e+00,5.352792893828389076e+00,3.000000000000000000e+00
-6.470083959526235162e+00,6.690789914356836121e+00,3.000000000000000000e+00
2.633165905409942997e+00,-3.986185458539395654e+00,1.000000000000000000e+00
4.300945811861881296e+00,-5.558959649378508949e+00,1.000000000000000000e+00
1.992379198147445685e+00,2.447929229792035422e+00,0.000000000000000000e+00
3.153419890325002140e+00,3.083250427117466774e+00,0.000000000000000000e+00
1.311471379329937292e+00,3.342260968991075387e+00,0.000000000000000000e+00
9.720123292280659077e-01,3.920850894443336454e+00,0.000000000000000000e+00
-7.159025035433918660e+00,-1.077296043260305325e+01,2.000000000000000000e+00
-8.186260229921735743e+00,-9.335035525948546464e+00,2.000000000000000000e+00
-8.230215398059117504e+00,-8.425578469481353139e+00,2.000000000000000000e+00
4.510615991494892896e+00,-4.195079977775762359e+00,1.000000000000000000e+00
-8.492649929815422993e+00,-9.799119462006002479e+00,2.000000000000000000e+00
-6.664007263041334284e+00,7.164529726257592657e+00,3.000000000000000000e+00
7.194787174116719086e-01,3.078009167893466014e+00,0.000000000000000000e+00
5.116543654368086447e-01,3.179165132118182413e+00,0.000000000000000000e+00
1.697024160733072939e+00,2.210192606685249750e+00,0.000000000000000000e+00
4.900146415386080534e+00,-5.782852196514083332e+00,1.000000000000000000e+00
-7.403506485953235128e+00,7.767339908949097982e+00,3.000000000000000000e+00
6.050356096012285967e+00,-5.191895317267988474e+00,1.000000000000000000e+00
-7.233790049290025337e+00,7.005311104225723895e+00,3.000000000000000000e+00
-7.530502785272854993e+00,6.012057458072150418e+00,3.000000000000000000e+00
-5.712515554866363310e+00,6.750845807058953874e+00,3.000000000000000000e+00
9.380049547638618090e-01,3.756486900489423686e+00,0.000000000000000000e+00
-6.509401288577140399e+00,6.970073981706164545e+00,3.000000000000000000e+00
4.385916401810542986e+00,-4.684646550563693168e+00,1.000000000000000000e+00
-7.534249262441571560e+00,6.315420090689581656e+00,3.000000000000000000e+00
1.701697407498295789e+00,2.612866563402936215e+00,0.000000000000000000e+00
-6.902908195297094984e+00,6.226370691108581212e+00,3.000000000000000000e+00
1.039850568905526407e+00,3.224492224088254755e+00,0.000000000000000000e+00
5.171376453099308934e-01,3.871091153986448763e+00,0.000000000000000000e+00
3.714807529537355713e+00,-4.154878349798289072e+00,1.000000000000000000e+00
-8.819636016846111204e+00,-1.136387350607925839e+01,2.000000000000000000e+00
3.190182186900189176e+00,-3.228991634379283049e+00,1.000000000000000000e+00
9.285482116593668511e-01,3.532370425862291885e+00,0.000000000000000000e+00
-7.002374355761548763e+00,5.690365557477425895e+00,3.000000000000000000e+00
-9.547708351449514907e+00,-1.026137851090613040e+01,2.000000000000000000e+00
-5.452034295548869203e+00,6.262479947038755768e+00,3.000000000000000000e+00
5.155503657529724393e+00,-5.559018430407265399e+00,1.000000000000000000e+00
-6.401012133628202427e+00,6.785618283382738980e+00,3.000000000000000000e+00
-7.673639229858221000e+00,7.971502131827839399e+00,3.000000000000000000e+00
4.822279264543381849e+00,-3.791141964671524978e+00,1.000000000000000000e+00
1.425443604715270762e+00,3.590111980630299904e+00,0.000000000000000000e+00
-9.945490558807639658e+00,-8.964343711659907399e+00,2.000000000000000000e+00
-1.044258735809370364e+01,-9.178211491216595519e+00,2.000000000000000000e+00
-8.851583745647385371e+00,-1.075448507643405271e+01,2.000000000000000000e+00
-6.978668633661973431e+00,-9.178167023048924733e+00,2.000000000000000000e+00
-7.158151062906124906e+00,6.472492900247773129e+00,3.000000000000000000e+00
1.291586705181186678e+00,3.521890607432837328e+00,0.000000000000000000e+00
-7.787464438751835694e+00,-9.889947574722340207e+00,2.000000000000000000e+00
4.597029440224189578e+00,-4.852713303230019370e+00,1.000000000000000000e+00
-7.697252037920206291e+00,-9.809081278558625883e+00,2.000000000000000000e+00
-7.971796453073104693e+00,7.239826083715446003e+00,3.000000000000000000e+00
5.176384226066740091e+00,-6.303033079902028213e+00,1.000000000000000000e+00
-6.209989502569699837e+00,6.389085685062690700e+00,3.000000000000000000e+00
-8.023204776734131016e+00,7.218440283496592613e+00,3.000000000000000000e+00
6.759733416933694228e-01,3.024400962225191059e+00,0.000000000000000000e+00
-7.714883057330514049e+00,7.752323758327626990e+00,3.000000000000000000e+00
5.304375900644074271e+00,-4.787321937433880237e+00,1.000000000000000000e+00
4.367201182063504383e+00,-4.236312940213817768e+00,1.000000000000000000e+00
4.315724865613797867e+00,-5.585117216680544061e+00,1.000000000000000000e+00
-9.002255131384353959e+00,-9.444400635150229206e+00,2.000000000000000000e+00
4.690713109637139056e+00,-4.056814622234560908e+00,1.000000000000000000e+00
-8.709221242586995260e-03,2.236476907457996433e+00,0.000000000000000000e+00
4.891213022229140783e+00,-5.154005973448756883e+00,1.000000000000000000e+00
4.580903472212939143e+00,-3.454354749015161374e+00,1.000000000000000000e+00
5.092993618964403169e+00,-6.238996761024383275e+00,1.000000000000000000e+00
4.783223001664543617e+00,-5.296615960323888039e+00,1.000000000000000000e+00
-6.614852497224177341e+00,6.622328213117208762e+00,3.000000000000000000e+00
2.121909686553268504e+00,2.463040835926606498e+00,0.000000000000000000e+00
-6.712062241848717470e+00,5.721212153031938641e+00,3.000000000000000000e+00
1.049516285764620305e+00,2.757283241981557609e+00,0.000000000000000000e+00
-5.835829168627297392e+00,6.917255825421746884e+00,3.000000000000000000e+00
-1.034593834847523652e+01,-9.913284004495700685e+00,2.000000000000000000e+00
4.922137412490623198e+00,-6.216565266468946582e+00,1.000000000000000000e+00
1.055055877229019945e+00,2.806459314083707746e+00,0.000000000000000000e+00
2.272039389541969934e-01,2.587812195877034149e+00,0.000000000000000000e+00
-9.567087506307260014e+00,-1.074010986155271752e+01,2.000000000000000000e+00
-9.026402370125991226e+00,-9.911115145548548000e+00,2.000000000000000000e+00
5.211291738906971283e+00,-5.099566627269692454e+00,1.000000000000000000e+00
-7.698017206005184576e+00,-8.517962331180521929e+00,2.000000000000000000e+00
-8.570461961423538000e+00,-8.941020020499029997e+00,2.000000000000000000e+00
-6.591826405950460988e+00,5.425912100496528723e+00,3.000000000000000000e+00
-7.627657026813172259e+00,-1.146502173073569786e+01,2.000000000000000000e+00
1.908753539472261895e+00,3.456033819089601167e+00,0.000000000000000000e+00
5.075795568366817001e+00,-6.051005654286197633e+00,1.000000000000000000e+00
-9.393645736622541875e+00,-1.079299650834061275e+01,2.000000000000000000e+00
-6.301616866918354098e+00,5.955066132220617092e+00,3.000000000000000000e+00
5.508710528159397768e+00,-5.301639164831270179e+00,1.000000000000000000e+00
-5.496864751657819070e+00,6.034768834746472521e+00,3.000000000000000000e+00
5.159420213270085931e+00,-6.489108458130097290e+00,1.000000000000000000e+00
8.825006076827390800e-02,2.362387436735909674e+00,0.000000000000000000e+00
-7.379339016053764411e+00,-1.064419894761043395e+01,2.000000000000000000e+00
-5.352269534660798911e+00,6.445153577498568431e+00,3.000000000000000000e+00
-9.431968095255314211e+00,-9.091517473293968976e+00,2.000000000000000000e+00
4.881969986282782337e+00,-4.998681646723620808e+00,1.000000000000000000e+00
-7.173326725585027930e+00,6.219685940709053895e+00,3.000000000000000000e+00
5.002988772154198571e+00,-5.637613212773911364e+00,1.000000000000000000e+00
4.473158823409915996e+00,-5.237664610792361231e+00,1.000000000000000000e+00
3.614715695246573102e+00,-3.169140628422209893e+00,1.000000000000000000e+00
-7.203654548736376562e+00,5.995955869286942352e+00,3.000000000000000000e+00
1.692242869915525638e+00,3.074092699769078063e+00,0.000000000000000000e+00
-9.826268070319157388e+00,-8.506173173302071788e+00,2.000000000000000000e+00
5.607615848278463488e+00,-4.814354637613919685e+00,1.000000000000000000e+00
-8.758224047685496672e+00,-1.142876010209234217e+01,2.000000000000000000e+00
-5.854886076518195814e+00,7.004353171118451016e+00,3.000000000000000000e+00
5.309279835422734628e+00,-4.103067916763746936e+00,1.000000000000000000e+00
-7.252365999965793009e+00,6.208499256779878905e+00,3.000000000000000000e+00
4.593701827772413537e+00,-6.569877069201092823e+00,1.000000000000000000e+00
5.243166014788166684e+00,-5.187338339567872048e+00,1.000000000000000000e+00
-7.325920796983964145e+00,5.555320536422767574e+00,3.000000000000000000e+00
-6.225081146740003568e+00,5.078651989051421900e+00,3.000000000000000000e+00
-8.005576063612851456e+00,-1.025981624967271166e+01,2.000000000000000000e+00
-6.535224500326213715e+00,5.938039600296272980e+00,3.000000000000000000e+00
-6.423142302956001082e+00,6.793389257537482351e+00,3.000000000000000000e+00
4.556253301300860592e+00,-5.184354346287353366e+00,1.000000000000000000e+00
-9.123129708230987234e+00,-9.925142908162879252e+00,2.000000000000000000e+00
5.996182114611090519e+00,-5.437627133998480744e+00,1.000000000000000000e+00
9.527340763508271859e-01,1.706622230970572751e+00,0.000000000000000000e+00
-9.539693285159671632e+00,-1.021727170226792047e+01,2.000000000000000000e+00
-9.223496018386795114e+00,-9.369717565125410985e+00,2.000000000000000000e+00
-9.389035776359639485e+00,-1.129380932589160835e+01,2.000000000000000000e+00
-9.803938503987335018e-01,3.644732340230416590e+00,0.000000000000000000e+00
-7.931628139203573902e+00,-9.569240550809272605e+00,2.000000000000000000e+00
-9.468511340108216601e+00,-9.398717976830106124e+00,2.000000000000000000e+00
-8.171481044575356734e+00,-1.054747212844944215e+01,2.000000000000000000e+00
4.779757223652453924e+00,-4.386243063756620764e+00,1.000000000000000000e+00
-9.298287943381991383e+00,-8.893077074683327865e+00,2.000000000000000000e+00
-9.895462515942588411e+00,-1.109879348397391396e+01,2.000000000000000000e+00
6.547151104147828082e-01,3.185597919041841308e+00,0.000000000000000000e+00
-6.329484055079666049e+00,6.844956086167961473e+00,3.000000000000000000e+00
5.058959785141093235e+00,-4.091981382404878964e+00,1.000000000000000000e+00
9.635238698559003279e-01,2.847774474813643319e+00,0.000000000000000000e+00
5.234777515977326878e+00,-5.895482386507540085e+00,1.000000000000000000e+00
-6.345460230488360942e+00,7.043838048142974984e+00,3.000000000000000000e+00
1.806458993004062874e+00,3.336704142696770070e+00,0.000000000000000000e+00
1.585986176977789874e+00,4.836918816805967580e+00,0.000000000000000000e+00
-9.380655397945481866e+00,-1.058577151876009914e+01,2.000000000000000000e+00
-5.657849614317250087e+00,6.684829015250360662e+00,3.000000000000000000e+00
5.594340871407551319e+00,-4.073721070633258279e+00,1.000000000000000000e+00
-7.307358397130201411e+00,8.508303114150937319e+00,3.000000000000000000e+00
-5.867017477366501588e+00,6.410783430335161626e+00,3.000000000000000000e+00
-6.361185912959479438e+00,7.062430751896608072e+00,3.000000000000000000e+00
-8.332962272169719853e+00,6.687918870189245801e+00,3.000000000000000000e+00
5.369743518618386169e-02,3.800267135293632137e+00,0.000000000000000000e+00
5.658762279755932489e+00,-3.908113477158035032e+00,1.000000000000000000e+00
-7.446269668224304361e+00,-9.732351213875647389e+00,2.000000000000000000e+00
2.529722862056202004e+00,5.474280174535243404e+00,0.000000000000000000e+00
-7.067524818725908986e+00,7.841906236374460271e+00,3.000000000000000000e+00
-6.702931533666969699e+00,5.404639903833841075e+00,3.000000000000000000e+00
-7.830463027445110136e+00,6.553136287985399377e+00,3.000000000000000000e+00
4.408768461446316955e+00,-3.776280344533631705e+00,1.000000000000000000e+00
1.826597673048903303e+00,2.991949110211855167e+00,0.000000000000000000e+00
1.460857864103875858e+00,1.712670463721442937e+00,0.000000000000000000e+00
-9.784309245237658104e+00,-1.071168763312459049e+01,2.000000000000000000e+00
-5.383978807058739768e+00,7.506131868369768867e+00,3.000000000000000000e+00
6.061571881146315954e-01,1.980104155965627388e+00,0.000000000000000000e+00
4.335619167686140862e+00,-4.402202876602895110e+00,1.000000000000000000e+00
-7.691805637924419514e+00,-1.085448159407673963e+01,2.000000000000000000e+00
-8.321364561626529266e+00,-8.212806277242647113e+00,2.000000000000000000e+00
-7.688976002031948198e+00,6.293559716012479655e+00,3.000000000000000000e+00
-6.156460441265394934e+00,6.088298077215849702e+00,3.000000000000000000e+00
-6.009139552310093002e+00,6.060386234807721983e+00,3.000000000000000000e+00
-8.928096020956648005e+00,-8.825289538123646693e+00,2.000000000000000000e+00
8.445502416268597656e-01,2.203026961700497388e+00,0.000000000000000000e+00
1.779207808506315436e+00,4.273717466805733167e+00,0.000000000000000000e+00
1.164532071066660901e+00,3.483197040621919705e+00,0.000000000000000000e+00
-6.889832785019303962e+00,5.552410784103936514e+00,3.000000000000000000e+00
5.142539487132870235e+00,-4.964070750762462403e+00,1.000000000000000000e+00
4.804847331782394093e+00,-5.065677558795039559e+00,1.000000000000000000e+00
2.944879293991186087e-01,3.230491863871209457e+00,0.000000000000000000e+00
5.319092547571296237e+00,-4.414308459667330098e+00,1.000000000000000000e+00
6.119761910663453541e+00,-6.107538525529381701e+00,1.000000000000000000e+00
-6.119910796706530931e+00,7.104719918023123526e+00,3.000000000000000000e+00
-8.938172722354334354e+00,-1.036531252595987063e+01,2.000000000000000000e+00
-6.008594089361675827e+00,6.632679916328998893e+00,3.000000000000000000e+00
4.814743348733511397e+00,-6.186953671885961903e+00,1.000000000000000000e+00
1.573085312835339034e+00,3.250467282158554294e+00,0.000000000000000000e+00
4.927031661514962302e+00,-4.706415495725841502e+00,1.000000000000000000e+00
-6.943964370613705306e+00,6.946863718478143213e+00,3.000000000000000000e+00
3.522699912722682125e-01,2.183687459165158273e+00,0.000000000000000000e+00
7.318297145035720597e+00,-6.071512582867960361e+00,1.000000000000000000e+00
4.388757433758649906e-01,3.658365507641430536e+00,0.000000000000000000e+00
5.348022862835447810e+00,-4.395347713133487488e+00,1.000000000000000000e+00
-6.667921861319666021e+00,7.245858464009330646e+00,3.000000000000000000e+00
-7.863481972475298676e+00,-8.643107467589805637e+00,2.000000000000000000e+00
4.344828323904215139e+00,-4.393193211802685738e+00,1.000000000000000000e+00
9.122735529756050843e-01,3.509569455435479046e+00,0.000000000000000000e+00
-1.029698484450307738e+01,-8.381361144152696951e+00,2.000000000000000000e+00
-7.310527394186980388e+00,7.277025805192137931e+00,3.000000000000000000e+00
-8.076498717384900772e+00,-1.136477920732774471e+01,2.000000000000000000e+00
5.573105019065637933e+00,-3.095603464210507028e+00,1.000000000000000000e+00
-4.510626356984154484e+00,6.445097121009840890e+00,3.000000000000000000e+00
4.990536823493044061e+00,-4.942438514908793934e+00,1.000000000000000000e+00
-7.054663331530474757e+00,6.797167519032657701e+00,3.000000000000000000e+00
4.739375712894269288e-01,4.527522787427221473e+00,0.000000000000000000e+00
-6.680645928207761486e+00,6.571212499549185182e+00,3.000000000000000000e+00
-8.747709226485133271e+00,-9.783266725277309561e+00,2.000000000000000000e+00
-5.061055300761116982e+00,5.461500469619204878e+00,3.000000000000000000e+00
1.484435912367369381e+00,4.473301166139091123e+00,0.000000000000000000e+00
4.329068676379115743e+00,-5.283821000703950332e+00,1.000000000000000000e+00
4.520903548598689703e+00,-3.285833086986035489e+00,1.000000000000000000e+00
-7.851215243602775118e+00,-8.579111123546253381e+00,2.000000000000000000e+00
-8.910507762396605358e+00,-8.763667171863229299e+00,2.000000000000000000e+00
-7.636355440984433862e+00,7.104236087720057213e+00,3.000000000000000000e+00
-4.905104390108256496e+00,7.259099801601664126e+00,3.000000000000000000e+00
1.328934525117931420e+00,3.776012054179808786e+00,0.000000000000000000e+00
3.930399006804107032e+00,-6.325134225010454969e+00,1.000000000000000000e+00
-7.716333862437490865e+00,6.194990950749930114e+00,3.000000000000000000e+00
-7.284015425130554888e+00,6.419127948969923558e+00,3.000000000000000000e+00
5.023957053301030484e+00,-4.751069419373955327e+00,1.000000000000000000e+00
-1.053668077822126925e+01,-1.092082725969454948e+01,2.000000000000000000e+00
-7.712971021849055475e+00,6.077779253387782354e+00,3.000000000000000000e+00
-8.982229101652146497e+00,-1.049563397225250405e+01,2.000000000000000000e+00
-8.298516268721989775e+00,-9.391089708169644723e+00,2.000000000000000000e+00
5.166900460494189495e+00,-5.207136261467380400e+00,1.000000000000000000e+00
-7.350605879369243034e+00,6.953335992813911126e+00,3.000000000000000000e+00
1.440686509869327558e+00,3.223809647964048342e+00,0.000000000000000000e+00
4.949606584047343993e+00,-3.049491338302666499e+00,1.000000000000000000e+00
3.946358985205344005e+00,-4.930705507293147605e+00,1.000000000000000000e+00
-7.688925404955504916e+00,-8.791237623068788309e+00,2.000000000000000000e+00
-9.578116862860611036e+00,-1.034070553965479711e+01,2.000000000000000000e+00
-6.429444301321027844e+00,6.560820451609734150e+00,3.000000000000000000e+00
4.337651654962365377e+00,-4.373398627798976257e+00,1.000000000000000000e+00
1.021244921350866974e+00,2.494037820095046154e+00,0.000000000000000000e+00
3.673048840407234561e+00,-4.752147065349162425e+00,1.000000000000000000e+00
4.880011467985325702e+00,-5.980449701902223580e+00,1.000000000000000000e+00
-8.265456508428785654e+00,-1.074895085898807778e+01,2.000000000000000000e+00
-6.158302359011737614e+00,6.726475734817915608e+00,3.000000000000000000e+00
6.274130099452877030e-01,4.005250466897646078e+00,0.000000000000000000e+00
5.567545142891758836e+00,-5.790223076675776959e+00,1.000000000000000000e+00
7.499150387100408377e-01,3.185951765678967096e+00,0.000000000000000000e+00
-8.810245885395828758e-02,2.059342432559337244e+00,0.000000000000000000e+00
2.772512116518347725e+00,3.807501276794261091e+00,0.000000000000000000e+00
-9.955917119362831968e+00,-9.349871041821101514e+00,2.000000000000000000e+00
4.004558465840764470e+00,-6.231431900015639513e+00,1.000000000000000000e+00
-7.905092568880236037e+00,5.920087922349860143e+00,3.000000000000000000e+00
-5.880728699027007345e+00,5.313697861145214141e+00,3.000000000000000000e+00
-6.925822780656246458e+00,6.418546458216061623e+00,3.000000000000000000e+00
-8.206504666005209003e+00,-8.930644741879763870e+00,2.000000000000000000e+00
-5.288698382130333719e+00,6.453580500393431230e+00,3.000000000000000000e+00
-7.454580104050279488e+00,7.371900035509145965e+00,3.000000000000000000e+00
-3.176258652784853531e-01,2.237556613145418982e+00,0.000000000000000000e+00
-8.256892958421081730e+00,-9.016144847131343454e+00,2.000000000000000000e+00
-6.289749974357990325e+00,4.924340409635377114e+00,3.000000000000000000e+00
3.917318222249707382e+00,-6.383181293744389251e+00,1.000000000000000000e+00
4.649849899640939199e+00,-5.248937517641097728e+00,1.000000000000000000e+00
-7.011715132279669582e+00,6.479937947867091985e+00,3.000000000000000000e+00
1.676519943921008560e+00,2.024464535447985547e+00,0.000000000000000000e+00
-7.543756637337779125e+00,6.327389515209272730e+00,3.000000000000000000e+00
2.097358643535308875e+00,3.905865183035107879e+00,0.000000000000000000e+00
3.487494568329163602e-01,4.507262222727561607e+00,0.000000000000000000e+00
5.665425173919519608e+00,-4.210673665016225975e+00,1.000000000000000000e+00
4.273442126277952724e+00,-4.928145561524748253e+00,1.000000000000000000e+00
-8.521008855120202341e+00,-1.019869774079379354e+01,2.000000000000000000e+00
-9.010306449194363410e+00,-1.026340816742703588e+01,2.000000000000000000e+00
-1.148571588113851405e+00,2.884729128315083102e+00,0.000000000000000000e+00
8.660879858399807008e-01,2.329079906125437915e+00,0.000000000000000000e+00
4.151079054328944196e+00,-5.657333699687349338e+00,1.000000000000000000e+00
-6.394684804715919491e+00,5.914710382608108219e+00,3.000000000000000000e+00
3.704088678712492921e+00,-5.332659197140725560e+00,1.000000000000000000e+00
-5.837265884434042817e+00,7.020162443712129274e+00,3.000000000000000000e+00
5.547835184360612182e+00,-6.240734671201861872e+00,1.000000000000000000e+00
-7.880947608071659616e+00,-1.023883679198471519e+01,2.000000000000000000e+00
-8.750356980793405626e+00,5.814883228327745179e+00,3.000000000000000000e+00
-9.763836175471887202e+00,-9.289096232074570025e+00,2.000000000000000000e+00
5.177215687701390401e+00,-3.912691159269941821e+00,1.000000000000000000e+00
7.255030949007155172e+00,-4.459420308105705999e+00,1.000000000000000000e+00
1.352146515080393518e+00,2.463207409258704850e+00,0.000000000000000000e+00
-9.375362654698109921e+00,-1.094552746813963395e+01,2.000000000000000000e+00
5.412005908505788554e+00,-3.617254187717697356e+00,1.000000000000000000e+00
3.179987884840670187e+00,3.345667009289599925e+00,0.000000000000000000e+00
5.523002223732524918e+00,-3.580496668555800177e+00,1.000000000000000000e+00
5.251108598523749338e-01,2.176638310355725192e+00,0.000000000000000000e+00
4.543718924434375417e+00,-6.041860430118846104e+00,1.000000000000000000e+00
4.371946018545334489e+00,-5.134064303456512768e+00,1.000000000000000000e+00
3.437188124426530766e+00,-4.606771385057067292e+00,1.000000000000000000e+00
2.500161347072559437e+00,2.270104724692546760e+00,0.000000000000000000e+00
-6.644921815056108905e+00,7.857751438223263385e+00,3.000000000000000000e+00
5.324537873728455217e+00,-3.633655059337736581e+00,1.000000000000000000e+00
4.462867151301553648e+00,-4.250134777822053067e+00,1.000000000000000000e+00
-7.833214847155067773e+00,-7.795994061800783470e+00,2.000000000000000000e+00
1.301602787309386278e+00,3.858730336057931698e+00,0.000000000000000000e+00
1.680313187173438916e-01,3.273710500875801621e+00,0.000000000000000000e+00
-7.840069377092462766e+00,6.095466865215410479e+00,3.000000000000000000e+00
4.122547692024175703e+00,-4.784219964512814727e+00,1.000000000000000000e+00
5.422907863536731377e+00,-4.348520641861156832e+00,1.000000000000000000e+00
-6.727592375970110616e+00,7.572247655347607243e+00,3.000000000000000000e+00
3.983446432138428861e+00,-5.148338462492036527e+00,1.000000000000000000e+00
1.536778979198068606e+00,1.941024213307574353e+00,0.000000000000000000e+00
4.862502791041100281e+00,-3.757555072483998337e+00,1.000000000000000000e+00
-6.905991700360623931e+00,7.101864183111715079e+00,3.000000000000000000e+00
-7.591600994469018815e+00,5.882834532488105062e+00,3.000000000000000000e+00
1.527068665240307155e+00,1.814382128634636437e+00,0.000000000000000000e+00
2.886324831210698605e+00,-4.575836504750985689e+00,1.000000000000000000e+00
8.389361017680162513e-01,2.444763779266254211e+00,0.000000000000000000e+00
-8.878035069929012479e+00,6.274642743749745399e+00,3.000000000000000000e+00
6.511182043491576366e+00,-6.306456634141373918e+00,1.000000000000000000e+00
2.622216326899406980e-03,2.032038184575029494e+00,0.000000000000000000e+00
-5.957705397447092821e+00,7.153192729569815000e+00,3.000000000000000000e+00
-9.654502992254696991e+00,-9.246392059784769302e+00,2.000000000000000000e+00
-7.682104830522130889e+00,-1.045732922575618495e+01,2.000000000000000000e+00
6.065706207986137244e+00,-4.991317527937460419e+00,1.000000000000000000e+00
9.786017706275176309e-01,3.584975934803332542e+00,0.000000000000000000e+00
-8.855017701384038986e+00,-9.355597643329089053e+00,2.000000000000000000e+00
-7.412348775102705289e+00,-1.081032438450174737e+01,2.000000000000000000e+00
-7.592285075969958719e+00,5.541583188833243412e+00,3.000000000000000000e+00
1.138314192419575654e+00,4.995227173198825810e+00,0.000000000000000000e+00
-7.573320593086489971e+00,7.304708451060034413e+00,3.000000000000000000e+00
-6.586105780900004092e+00,7.085693509131677281e+00,3.000000000000000000e+00
4.588170572801237412e+00,-4.130351539807417538e+00,1.000000000000000000e+00
3.832025057645140009e+00,-3.920653451451556748e+00,1.000000000000000000e+00
-9.015863685595943977e+00,-9.918399669942921548e+00,2.000000000000000000e+00
-9.046320150128778437e+00,-9.192481319006217788e+00,2.000000000000000000e+00
-7.301269363388595224e+00,7.390414901674049908e+00,3.000000000000000000e+00
-6.614355232619456793e+00,5.533024651653947856e+00,3.000000000000000000e+00
-9.653376647411423761e+00,-8.119389102090883270e+00,2.000000000000000000e+00
-7.492244861553883695e+00,7.449054794925843659e+00,3.000000000000000000e+00
-8.655140973369073620e+00,-1.112562305762844694e+01,2.000000000000000000e+00
4.717026894072937182e+00,-5.655771409722938792e+00,1.000000000000000000e+00
-9.784643339935893636e+00,-8.966364053312114279e+00,2.000000000000000000e+00
-6.956048899688939358e+00,6.148122819759899826e+00,3.000000000000000000e+00
4.603611591060052355e+00,-5.119494132209699622e+00,1.000000000000000000e+00
-7.277041651611617645e+00,5.748173249117715322e+00,3.000000000000000000e+00
-9.430624809459867919e+00,-1.085992678903678943e+01,2.000000000000000000e+00
4.690711384710520626e+00,-5.025530563771625658e+00,1.000000000000000000e+00
-9.754648194525753269e+00,-8.232811516605357482e+00,2.000000000000000000e+00
1.289076080644488531e+00,2.331244064577610242e+00,0.000000000000000000e+00
-9.313443202729766668e+00,-9.752557123550356977e+00,2.000000000000000000e+00
-5.724380279231194635e+00,7.377790305656815484e+00,3.000000000000000000e+00
5.471912601531250253e+00,-3.955121990095970208e+00,1.000000000000000000e+00
-9.523577580163054890e+00,-9.287756969946752150e+00,2.000000000000000000e+00
4.624256792951794814e+00,-5.348025906726014078e+00,1.000000000000000000e+00
-7.075180188609721199e+00,5.511738035776048150e+00,3.000000000000000000e+00
-6.559231895870768270e+00,-1.126877041403259661e+01,2.000000000000000000e+00
4.216628231437436369e+00,-4.293816966340476604e+00,1.000000000000000000e+00
2.652059531042515683e+00,-4.520759545070974106e+00,1.000000000000000000e+00
-8.380072207086906033e+00,-1.100654763600662989e+01,2.000000000000000000e+00
-8.286449323131218847e+00,-9.182293404027385364e+00,2.000000000000000000e+00
5.184192557865748618e+00,-4.093012012287844392e+00,1.000000000000000000e+00
3.782110379681324908e-02,2.698987258055139726e+00,0.000000000000000000e+00
-9.995628039809577814e+00,-1.002299674618472380e+01,2.000000000000000000e+00
-8.635527060736640337e+00,-7.766928598914205395e+00,2.000000000000000000e+00
-6.167330008541675568e+00,6.938354525451985388e+00,3.000000000000000000e+00
4.647445157639540803e+00,-5.914375585688071091e+00,1.000000000000000000e+00
8.212576489691627568e-01,2.372388528354036463e+00,0.000000000000000000e+00
-9.508999591926075468e+00,-1.002670746566856508e+01,2.000000000000000000e+00
9.993796425946814832e-01,1.450435012189549733e+00,0.000000000000000000e+00
-6.257996948605192067e+00,5.779161705091552470e+00,3.000000000000000000e+00
-9.519482470311594113e+00,-1.079611456030961136e+01,2.000000000000000000e+00
1.276552090087214264e+00,3.201098381749532429e+00,0.000000000000000000e+00
5.836934011967146674e+00,-5.012580145425833855e+00,1.000000000000000000e+00
-4.668517453468526313e+00,6.167607090368135481e+00,3.000000000000000000e+00
1.502728154173025299e+00,1.906725929551510212e+00,0.000000000000000000e+00
9.427435108202464331e-01,2.800493215855590634e+00,0.000000000000000000e+00
3.422044885908155365e+00,-5.263816548734808975e+00,1.000000000000000000e+00
-9.277014174780292777e+00,-8.952403060749258401e+00,2.000000000000000000e+00
3.600760405657577934e+00,-5.996799003845158182e+00,1.000000000000000000e+00
-7.559348756851287376e+00,-1.008672999507169976e+01,2.000000000000000000e+00
6.652265012614796413e-01,3.293328623536028399e+00,0.000000000000000000e+00
4.300359042513917096e+00,-2.730590474108107735e+00,1.000000000000000000e+00
3.435472249227335961e-01,2.969383379967524661e+00,0.000000000000000000e+00
-7.103696401647072278e+00,6.643722167327337225e+00,3.000000000000000000e+00
-7.367778974951588289e+00,6.265257128706033463e+00,3.000000000000000000e+00
-9.743851118945595857e+00,-1.051039800125868595e+01,2.000000000000000000e+00
2.418158593218302066e+00,2.531026086892922411e+00,0.000000000000000000e+00
-8.466559006225317319e+00,5.766743336278938870e+00,3.000000000000000000e+00
-4.436564103536362325e+00,6.355977113360765429e+00,3.000000000000000000e+00
1.510346198067708201e+00,3.830522103400612721e+00,0.000000000000000000e+00
5.124298889558623671e+00,-3.765703054160840058e+00,1.000000000000000000e+00
-9.283347132627806531e+00,-9.526501725981407986e+00,2.000000000000000000e+00
3.268698217154468733e-01,3.435371056544681778e+00,0.000000000000000000e+00
3.852518337965617601e+00,-5.695314930946085319e+00,1.000000000000000000e+00
5.777488192813453161e+00,-5.368884953748550792e+00,1.000000000000000000e+00
-1.000339093733054341e+01,-1.048370986929500859e+01,2.000000000000000000e+00
-6.425128822696886566e+00,7.200456155246908629e+00,3.000000000000000000e+00
-7.503441904454315470e+00,-8.426706488759593938e+00,2.000000000000000000e+00
5.449271050274439254e+00,-5.805580601194658463e+00,1.000000000000000000e+00
-6.763218908004265728e+00,6.707094570939378997e+00,3.000000000000000000e+00
-6.083733892992481351e+00,5.911223775678920767e+00,3.000000000000000000e+00
-8.739635012226507627e+00,-8.743683547891366814e+00,2.000000000000000000e+00
-9.221153047611014841e+00,-9.629647478770175795e+00,2.000000000000000000e+00
-6.862525730511375599e+00,5.194699158654295879e+00,3.000000000000000000e+00
-3.086263348221278680e-01,2.605089242393449300e+00,0.000000000000000000e+00
-8.739250420484239612e+00,-9.264594955841642943e+00,2.000000000000000000e+00
5.596956101563993258e+00,-4.817732070857490001e+00,1.000000000000000000e+00
-8.473750292373047444e+00,8.052150133221076089e+00,3.000000000000000000e+00
4.494955231166111176e+00,-5.807828992115688926e+00,1.000000000000000000e+00
-6.889768128887773457e+00,5.903354958219179771e+00,3.000000000000000000e+00
-8.701723990770453554e+00,-9.910623375344409069e+00,2.000000000000000000e+00
4.665707924623686331e+00,-5.471151653706739282e+00,1.000000000000000000e+00
2.129796075849079706e+00,3.223055022944236292e+00,0.000000000000000000e+00
-9.706562511743397792e+00,-9.700874166167910317e+00,2.000000000000000000e+00
2.049833730602838244e+00,3.124974015089698742e+00,0.000000000000000000e+00
4.835213318004569771e-01,2.274278477649406494e+00,0.000000000000000000e+00
-8.314724689453598216e+00,-8.648432444348639336e+00,2.000000000000000000e+00
-5.842801812071283685e+00,5.117262184783040624e+00,3.000000000000000000e+00
-8.071402718324179659e+00,-8.860158369390408239e+00,2.000000000000000000e+00
-6.739909179244046200e+00,5.417431003557007685e+00,3.000000000000000000e+00
3.832503700077453779e+00,-5.077571130681649336e+00,1.000000000000000000e+00
-5.173710656074035796e+00,4.742832532747801366e+00,3.000000000000000000e+00
1.198916097671335113e+00,1.769626767900758901e+00,0.000000000000000000e+00
5.524472888290409500e+00,-5.881869749410123305e+00,1.000000000000000000e+00
4.469796208594519094e+00,-3.464432011929204691e+00,1.000000000000000000e+00
-8.657296964443368381e+00,-1.001693272899082565e+01,2.000000000000000000e+00
5.968597549942189495e-02,3.676295828879440286e+00,0.000000000000000000e+00
6.165501675304779772e-01,2.954423575446369910e+00,0.000000000000000000e+00
5.226279768506179479e+00,-6.045684048490212348e+00,1.000000000000000000e+00
4.623559326872455522e+00,-4.347977328353335835e+00,1.000000000000000000e+00
5.243995836070733496e+00,-5.605742387962720841e+00,1.000000000000000000e+00
4.365469828545851527e+00,-4.938247572508673855e+00,1.000000000000000000e+00
-6.729595660055467832e+00,6.588546343796434002e+00,3.000000000000000000e+00
-8.329463004028578865e+00,-1.054051769904014968e+01,2.000000000000000000e+00
6.352705854800153595e-01,3.837182031353135514e+00,0.000000000000000000e+00
-7.369467856646228832e+00,6.714006252218720050e+00,3.000000000000000000e+00
1.430293336301540208e+00,3.084383795383857763e+00,0.000000000000000000e+00
1.731375635280815839e+00,4.309928550541163972e+00,0.000000000000000000e+00
-6.753143928965034348e+00,8.669302392890751108e+00,3.000000000000000000e+00
4.521791123605913398e+00,-7.487743946796481254e+00,1.000000000000000000e+00
-7.054896422208983608e+00,7.031341015998854971e+00,3.000000000000000000e+00
1.495273662169198658e+00,3.730744971745501459e+00,0.000000000000000000e+00
-6.027298746939009355e+00,5.817012481835519999e+00,3.000000000000000000e+00
4.648319904678408498e+00,-4.287084884561713771e+00,1.000000000000000000e+00
5.838968811578181040e+00,-4.147330080368573313e+00,1.000000000000000000e+00
-8.363499381615685735e+00,-1.111999733192478246e+01,2.000000000000000000e+00
-6.857844470590506170e+00,-9.169670260029930020e+00,2.000000000000000000e+00
-9.843079651005966824e+00,-9.662182915476135392e+00,2.000000000000000000e+00
2.513775136104434260e+00,2.128671101846113967e+00,0.000000000000000000e+00
-6.645132131257720509e+00,6.490691969480380408e+00,3.000000000000000000e+00
5.667513334116481616e+00,-5.897290800185012394e+00,1.000000000000000000e+00
3.513570023820909327e+00,-5.762423389650875194e+00,1.000000000000000000e+00
-8.612226284506705909e+00,-9.879038238471938627e+00,2.000000000000000000e+00
4.109679247317330919e+00,-5.018952710140523799e+00,1.000000000000000000e+00
6.869607039464747933e-01,2.208498480333384251e+00,0.000000000000000000e+00
-8.084472285998678842e+00,-1.164272516620556530e+01,2.000000000000000000e+00
-7.800552478544235946e+00,-1.140082306804671752e+01,2.000000000000000000e+00
-8.939742728158599050e+00,-8.205908399525149832e+00,2.000000000000000000e+00
-9.877242250566037995e+00,-1.003913918258283111e+01,2.000000000000000000e+00
-6.205669358249680023e+00,7.005107354149273213e+00,3.000000000000000000e+00
1.815248787908126937e-01,2.821544206816362532e+00,0.000000000000000000e+00
4.987109382610818820e+00,-5.644092492204167755e+00,1.000000000000000000e+00
4.873451956232528026e+00,-5.204114955658964092e+00,1.000000000000000000e+00
-5.966057420614413687e+00,6.392402387272636766e+00,3.000000000000000000e+00
-1.065603285113971666e+01,-8.455061180674492860e+00,2.000000000000000000e+00
4.388604135432771614e+00,-7.217336234672053763e+00,1.000000000000000000e+00
-1.083006990263488234e+01,-9.640039683589321839e+00,2.000000000000000000e+00
1.999699221497015955e+00,3.347581627726434750e+00,0.000000000000000000e+00
-6.034357681204012280e+00,6.845032626722672653e+00,3.000000000000000000e+00
1.296365633920250504e+00,4.342965666830743032e+00,0.000000000000000000e+00
-6.444898250158882291e+00,5.292322222553093702e+00,3.000000000000000000e+00
-9.786505059890814096e+00,-8.615586668792293068e+00,2.000000000000000000e+00
3.584658071438350468e+00,-3.759067005617132473e+00,1.000000000000000000e+00
-5.895042629655953270e+00,7.520758625069031922e+00,3.000000000000000000e+00
5.673459343161382229e+00,-4.591191619494535914e+00,1.000000000000000000e+00
-1.057952776701091402e+01,-7.451432933465914843e+00,2.000000000000000000e+00
3.555434369083090296e-01,2.983839821464353559e+00,0.000000000000000000e+00
-6.894528268021764106e+00,7.895229204640188847e+00,3.000000000000000000e+00
5.359735445335079618e+00,-5.658519362625560767e+00,1.000000000000000000e+00
-9.305033360629719752e-01,2.317385773764506496e+00,0.000000000000000000e+00
-4.966052689357179695e+00,6.714875173144251974e+00,3.000000000000000000e+00
-8.879862735133585261e+00,-8.788869969074657007e+00,2.000000000000000000e+00
-7.622664413801192751e+00,-9.992091043733177358e+00,2.000000000000000000e+00
5.245197465967001982e+00,-4.981514853766299211e+00,1.000000000000000000e+00
2.209448065964438435e+00,1.813800135490774235e+00,0.000000000000000000e+00
1.190232818478814902e+00,3.451035148733826219e+00,0.000000000000000000e+00
-9.229328841465648026e+00,-8.905509327105731288e+00,2.000000000000000000e+00
-8.137453682082437467e+00,-8.750527324285007680e+00,2.000000000000000000e+00
-8.503053213214720074e+00,-9.382439865058504580e+00,2.000000000000000000e+00
-8.387125442817694676e+00,-8.912185195178144781e+00,2.000000000000000000e+00
-9.615077187341855236e+00,-9.638940371305137589e+00,2.000000000000000000e+00
-8.825272145873341856e+00,-1.047221663931230040e+01,2.000000000000000000e+00
5.918778604995363679e+00,-3.694584678505321129e+00,1.000000000000000000e+00
-5.178310450590426051e+00,6.590739319529969720e+00,3.000000000000000000e+00
-9.245349693942827685e+00,-1.104064615942767702e+01,2.000000000000000000e+00
2.035401687810619809e+00,3.625624547316190327e+00,0.000000000000000000e+00
-6.637407594182449522e+00,7.805629334660158847e+00,3.000000000000000000e+00
2.339477086300528086e+00,2.772843406739752048e+00,0.000000000000000000e+00
-5.272436383769774082e+00,6.308858888742381765e+00,3.000000000000000000e+00
-1.502733779353564447e-01,3.132018721914156867e+00,0.000000000000000000e+00
-5.333727947760347199e-01,1.825260335787083354e+00,0.000000000000000000e+00
1.331629129071041584e+00,4.476128134084667920e+00,0.000000000000000000e+00
3.804967501556119291e+00,-6.519479864066441976e+00,1.000000000000000000e+00
7.860526535740497422e-01,2.152146498894058180e+00,0.000000000000000000e+00
-6.377198774269344561e+00,8.561302669962266521e+00,3.000000000000000000e+00
4.002151398712509689e+00,-3.945864839722291961e+00,1.000000000000000000e+00
-7.565580550688054906e+00,6.874004761392935592e+00,3.000000000000000000e+00
7.135679203464599940e-01,2.922381799786475387e+00,0.000000000000000000e+00
2.345805816857975845e+00,1.656117415254595215e+00,0.000000000000000000e+00
-6.870868622208226029e+00,7.595911710464790190e+00,3.000000000000000000e+00
-6.978595393484298803e+00,7.100146731653981469e+00,3.000000000000000000e+00
3.324534010255336014e+00,-3.519906747234500699e+00,1.000000000000000000e+00
4.420503720767267275e+00,-3.262090122851394547e+00,1.000000000000000000e+00
-1.756603703506277370e+00,4.291022322125383148e+00,0.000000000000000000e+00
-4.827108173099758481e+00,7.463984122507566710e+00,3.000000000000000000e+00
-8.528310978412807941e+00,-9.780177502749262786e+00,2.000000000000000000e+00
2.843711764817645093e+00,-3.010162506564471485e+00,1.000000000000000000e+00
3.125309032662158870e+00,3.122910255020352910e+00,0.000000000000000000e+00
4.481540146047292561e-01,2.504277470452078713e+00,0.000000000000000000e+00
-7.452897690253911023e+00,6.830691998312119928e+00,3.000000000000000000e+00
1.533838443852447497e+00,4.087311885254042210e+00,0.000000000000000000e+00
-6.563919060060253052e+00,6.863270421206189909e+00,3.000000000000000000e+00
-8.090413314395638267e+00,-1.005323122613850373e+01,2.000000000000000000e+00
-5.851337938237447744e+00,6.595885262176449437e+00,3.000000000000000000e+00
-5.703683988559234308e+00,5.331128604962701800e+00,3.000000000000000000e+00
1.316325715217841585e+00,2.534041442853009141e+00,0.000000000000000000e+00
-5.266046671376753530e+00,5.562623453353290337e+00,3.000000000000000000e+00
-9.055550430975408460e+00,-9.449916293445381754e+00,2.000000000000000000e+00
-5.926228188319868195e+00,-9.433923352985406297e+00,2.000000000000000000e+00
-1.023333931306439837e+01,-1.043933741781053115e+01,2.000000000000000000e+00
6.397284919080936660e+00,-4.050997007780308579e+00,1.000000000000000000e+00
1.048648424249178923e+00,2.444608265929272051e+00,0.000000000000000000e+00
-8.424659731584565492e+00,-8.613402090599173277e+00,2.000000000000000000e+00
-9.867859667086998243e+00,-8.737325762808689333e+00,2.000000000000000000e+00
-8.706483475468848710e+00,-1.018849943804996627e+01,2.000000000000000000e+00
4.194683389547009256e-01,3.180598777726776571e+00,0.000000000000000000e+00
6.188242717824003591e+00,-5.243347750731480517e+00,1.000000000000000000e+00
-8.716297989956691694e+00,-8.764899293734425001e+00,2.000000000000000000e+00
-7.984169348121995746e+00,-9.568872452193314615e+00,2.000000000000000000e+00
4.503581319219712498e+00,-5.436729683393850543e+00,1.000000000000000000e+00
9.902990598534340272e-01,4.001961783444661691e+00,0.000000000000000000e+00
-9.011825123759027889e+00,-1.010824954558502142e+01,2.000000000000000000e+00
-6.153191065966270301e+00,-1.023644262178543585e+01,2.000000000000000000e+00
-4.863755642201994966e+00,6.529622041001761801e+00,3.000000000000000000e+00
4.508873800805054621e+00,-5.456422265821199602e+00,1.000000000000000000e+00
-6.111744131586926088e+00,6.999034995290016603e+00,3.000000000000000000e+00
2.256856588898677352e+00,2.324780020589649610e+00,0.000000000000000000e+00
-5.618475424760750236e+00,7.579905557060452992e+00,3.000000000000000000e+00
-8.682951089632359398e+00,-9.970533926738601949e+00,2.000000000000000000e+00
9.453158911499903727e-02,3.107687084524580978e+00,0.000000000000000000e+00
5.542036751252203075e+00,-3.838257249109453539e+00,1.000000000000000000e+00
1.550058990276232063e+00,3.188568061018323352e+00,0.000000000000000000e+00
5.709532609266585901e+00,-5.314122069401729043e+00,1.000000000000000000e+00
8.741075055831968310e-01,2.691501678088446869e+00,0.000000000000000000e+00
1.148790178415577401e-01,1.265193142814369009e+00,0.000000000000000000e+00
-8.913813156363488588e+00,-8.650778888041386949e+00,2.000000000000000000e+00
-8.870247747280247452e+00,-9.596315192690948237e+00,2.000000000000000000e+00
-8.014205605601352644e+00,-8.482062620593147528e+00,2.000000000000000000e+00
-7.093907626934147004e+00,-9.409023916044453983e+00,2.000000000000000000e+00
5.554746959206793289e-01,2.512122237766809096e+00,0.000000000000000000e+00
-9.422969392583887327e+00,-8.524852820837679701e+00,2.000000000000000000e+00
-6.371621863058377855e+00,6.074355318974608231e+00,3.000000000000000000e+00
-9.863281641448471859e+00,-1.126207843604950121e+01,2.000000000000000000e+00
-6.463197940436089972e+00,5.236216248883485136e+00,3.000000000000000000e+00
1.156921151907406298e+00,3.504997378527641150e+00,0.000000000000000000e+00
4.730475782764370862e+00,-4.981956807707162760e+00,1.000000000000000000e+00
-6.737085802524927836e+00,5.576269028496472657e+00,3.000000000000000000e+00
6.694994425950518746e+00,-5.531228616820312638e+00,1.000000000000000000e+00
-9.027088640777535034e+00,-1.018069359239676608e+01,2.000000000000000000e+00
-7.318817369578745513e+00,6.990613132608285873e+00,3.000000000000000000e+00
-6.626135591499108024e+00,7.964118559126526442e+00,3.000000000000000000e+00
-6.116220544543043758e+00,7.537284766271561409e+00,3.000000000000000000e+00
4.672943683263223846e+00,-4.531182024924114593e+00,1.000000000000000000e+00
3.744994907866776579e-01,3.004641286590877147e+00,0.000000000000000000e+00
-7.512737661663189570e+00,-9.563797418173118459e+00,2.000000000000000000e+00
-6.622824909520258707e+00,5.899515383425021575e+00,3.000000000000000000e+00
-6.746995883165063823e+00,5.686526019364824158e+00,3.000000000000000000e+00
-8.322687686136321261e+00,-9.438788372777324298e+00,2.000000000000000000e+00
-6.659221304317923362e+00,6.503128890804082296e+00,3.000000000000000000e+00
1.946063839685685082e+00,2.312123328219148899e+00,0.000000000000000000e+00
-9.149429660411440679e+00,-1.006652067661662642e+01,2.000000000000000000e+00
-8.302958061771585463e+00,-1.034297614911574037e+01,2.000000000000000000e+00
-7.819933080163318451e+00,-1.023798437794747684e+01,2.000000000000000000e+00
-8.594490449004674737e-01,3.997052991030318747e+00,0.000000000000000000e+00
1.032007186943586063e+00,3.221745608453783660e+00,0.000000000000000000e+00
-6.181037905842639901e+00,7.225736290874768208e+00,3.000000000000000000e+00
4.200176840646486554e+00,-4.612343943676463276e+00,1.000000000000000000e+00
3.223311145651757137e+00,2.387501236207363320e+00,0.000000000000000000e+00
-8.722711668123261930e+00,-9.166811294622869255e+00,2.000000000000000000e+00
-6.085512485470995436e+00,8.030855532950832654e+00,3.000000000000000000e+00
4.331156978850605022e+00,-5.126172472671010283e+00,1.000000000000000000e+00
-8.274089592120262182e+00,-9.258767616391992306e+00,2.000000000000000000e+00
4.106589195773906908e+00,-3.566413146583793825e+00,1.000000000000000000e+00
1.579764368567389887e+00,3.509484185466082540e+00,0.000000000000000000e+00
-7.511129476192452081e+00,-9.779792346712884665e+00,2.000000000000000000e+00
-6.699290828112385299e-01,4.283197251086813040e+00,0.000000000000000000e+00
1.148863733821298583e+00,3.164209904440439036e+00,0.000000000000000000e+00
4.444087552727097545e+00,-4.755993408423576874e+00,1.000000000000000000e+00
-6.302222073743119601e+00,7.744397896042749529e+00,3.000000000000000000e+00
-8.710166411219759652e+00,-9.372969309062046506e+00,2.000000000000000000e+00
7.662587110255917322e-01,2.206293826114529733e+00,0.000000000000000000e+00
3.494310697577380775e-01,3.193038736516057963e+00,0.000000000000000000e+00
-8.791128486938244890e+00,6.148088360526390517e+00,3.000000000000000000e+00
4.561271992324786417e+00,-4.655157546028529936e+00,1.000000000000000000e+00
-9.651484222251312417e+00,-9.618176452970422119e+00,2.000000000000000000e+00
-6.502270856721769299e+00,6.620931128716007308e+00,3.000000000000000000e+00
3.989636547556281609e+00,2.213152980239586842e+00,0.000000000000000000e+00
-6.250288883420781261e+00,8.101820632698867541e+00,3.000000000000000000e+00
2.228364918614822443e+00,2.299974439118873892e+00,0.000000000000000000e+00
1.692277767845956404e+00,3.013330543615130974e+00,0.000000000000000000e+00
1.991607858040175261e+00,1.761714641069502596e+00,0.000000000000000000e+00
6.454108690800079984e-01,3.706269729981516825e+00,0.000000000000000000e+00
-8.246447835917628311e+00,-1.024302988516877200e+01,2.000000000000000000e+00
6.012653423095340344e+00,-5.307186221208465504e+00,1.000000000000000000e+00
3.333387814385499581e+00,-5.651654347654972099e+00,1.000000000000000000e+00
-7.229288877358317933e+00,-1.001473857112506316e+01,2.000000000000000000e+00
4.628219195060786717e+00,-3.927541915373019776e+00,1.000000000000000000e+00
-7.240015117908622067e+00,6.728088242676791175e+00,3.000000000000000000e+00
5.554858695171287941e+00,-4.886831190074732767e+00,1.000000000000000000e+00
-9.480783950981635400e+00,-9.410132446017062335e+00,2.000000000000000000e+00
-8.837377788136805634e+00,-1.055385267861241694e+01,2.000000000000000000e+00
