image_names,0,1,2,3,4,5,6,7,8,9,10,11,12,13,14,15,16,17,18,19,20,21,22,23
mountain_land15.jpg,0.029190063,0.2615509,0.1748352,0.054992676,0.06758118,0.13619995,0.20954895,0.066101074,0.03288269,0.14094543,0.29600525,0.046966553,0.06303406,0.14419556,0.23387146,0.042099,0.05432129,0.034561157,0.14134216,0.26809692,0.046447754,0.088150024,0.24453735,0.122543335
mountain_land26.jpg,0.21768188,0.33465576,0.30296326,0.11413574,0.015106201,0.008682251,0.0049438477,0.0018310547,0.063568115,0.21052551,0.41481018,0.27999878,0.018920898,0.007369995,0.0046081543,0.00019836426,0.053466797,0.18217468,0.34446716,0.25979614,0.1404419,0.013397217,0.0059051514,0.00035095215
mountain_moun44.jpg,0.0128479,0.16712952,0.24873352,0.20013428,0.12466431,0.031234741,0.05253601,0.16271973,0.0050201416,0.10890198,0.29774475,0.21588135,0.1043396,0.047088623,0.047958374,0.17306519,0.037246704,0.29083252,0.23770142,0.14929199,0.024902344,0.0023040771,0.0024261475,0.2552948
mountain_land880.jpg,0.07809448,0.18440247,0.08177185,0.091674805,0.121658325,0.19725037,0.12915039,0.115997314,0.018081665,0.16358948,0.13594055,0.06472778,0.114364624,0.16331482,0.18833923,0.15164185,0.02015686,0.11502075,0.15863037,0.11174011,0.051071167,0.03251648,0.049697876,0.46116638
mountain_moun13.jpg,0.006500244,0.13446045,0.26545715,0.22036743,0.06416321,0.04170227,0.02243042,0.24491882,0.006500244,0.13415527,0.25598145,0.21507263,0.080841064,0.02494812,0.04006958,0.24243164,0.007736206,0.15870667,0.39001465,0.12667847,0.024398804,0.0035705566,0.009750366,0.2791443
mountain_land225.jpg,0.19844055,0.30680847,0.20085144,0.087142944,0.043685913,0.030792236,0.026428223,0.10585022,0.11502075,0.16693115,0.37835693,0.14582825,0.04472351,0.031341553,0.031082153,0.0867157,0.19482422,0.14147949,0.11315918,0.29255676,0.13734436,0.04057312,0.05784607,0.022216797
mountain_moun38.jpg,0.00064086914,0.08930969,0.3786621,0.14208984,0.029144287,0.0030975342,0.092422485,0.26463318,1.5258789e-05,0.0031738281,0.28111267,0.31207275,0.04324341,0.0031738281,0.0690155,0.28819275,3.0517578e-05,0.0087890625,0.16275024,0.28208923,0.18415833,0.0043640137,0.0022125244,0.35560608
mountain_moun10.jpg,0.050857544,0.115997314,0.17500305,0.13780212,0.051757812,0.054519653,0.35699463,0.05706787,0.04928589,0.09831238,0.18284607,0.16769409,0.061187744,0.03895569,0.23719788,0.16452026,0.10359192,0.10420227,0.21180725,0.15208435,0.031082153,0.0134887695,0.1076355,0.2761078
mountain_land210.jpg,0.011917114,0.16793823,0.16946411,0.12483215,0.1819458,0.25338745,0.08615112,0.0043640137,0.0008544922,0.057128906,0.14065552,0.23522949,0.17199707,0.25367737,0.13101196,0.00944519,0.0002593994,0.012298584,0.10092163,0.12295532,0.37652588,0.29890442,0.0844574,0.0036773682
mountain_gre242.jpg,0.34887695,0.08728027,0.06312561,0.04499817,0.064941406,0.26029968,0.12896729,0.0015106201,0.25413513,0.114868164,0.09049988,0.067230225,0.04588318,0.14091492,0.24307251,0.043395996,0.20887756,0.12532043,0.10235596,0.07183838,0.055664062,0.059768677,0.32398987,0.05218506
mountain_land223.jpg,0.3757782,0.025650024,0.07574463,0.20387268,0.18832397,0.10281372,0.027420044,0.00039672852,0.009841919,0.39616394,0.10609436,0.24414062,0.17019653,0.06694031,0.0065612793,6.1035156e-05,0.027999878,0.07069397,0.35827637,0.42337036,0.09770203,0.020828247,0.0010681152,6.1035156e-05
mountain_land644.jpg,0.10115051,0.25811768,0.17539978,0.16461182,0.14952087,0.08947754,0.042556763,0.019165039,0.084869385,0.108444214,0.37599182,0.32987976,0.08163452,0.014923096,0.0038452148,0.0004119873,0.07939148,0.13040161,0.27947998,0.1719513,0.23771667,0.08192444,0.018722534,0.0004119873
mountain_n18024.jpg,0.10990906,0.34040833,0.19572449,0.18295288,0.052490234,0.05378723,0.05378723,0.010940552,0.0864563,0.31411743,0.18934631,0.12623596,0.14411926,0.05870056,0.06768799,0.013336182,0.08644104,0.28042603,0.2312622,0.09059143,0.024917603,0.11885071,0.13832092,0.029190063
mountain_land131.jpg,0.36109924,0.0149383545,0.0743103,0.2952423,0.1834259,0.04031372,0.02746582,0.0032043457,0.21943665,0.14909363,0.057891846,0.29374695,0.19163513,0.021774292,0.02772522,0.03869629,0.0037078857,0.016723633,0.41075134,0.2989807,0.16549683,0.027130127,0.02116394,0.056045532
mountain_land331.jpg,0.070510864,0.26597595,0.2089386,0.06402588,0.07199097,0.1665039,0.09811401,0.05393982,0.07014465,0.06437683,0.34635925,0.12574768,0.06674194,0.16798401,0.107162476,0.051483154,0.07366943,0.065719604,0.057632446,0.31378174,0.14787292,0.16601562,0.12519836,0.050109863
mountain_land475.jpg,0.06188965,0.20239258,0.2088623,0.189682,0.090408325,0.1356659,0.06788635,0.04321289,0.016479492,0.13783264,0.20614624,0.19232178,0.14660645,0.067092896,0.07312012,0.16040039,0.10243225,0.19065857,0.12893677,0.16088867,0.15109253,0.044708252,0.21965027,0.0016326904
mountain_land917.jpg,0.35237122,0.17684937,0.12371826,0.08746338,0.04525757,0.0758667,0.1232605,0.015213013,0.10638428,0.25134277,0.19154358,0.15098572,0.06544495,0.044067383,0.12771606,0.06251526,0.04373169,0.18928528,0.20845032,0.17070007,0.11616516,0.05079651,0.09687805,0.12399292
mountain_land165.jpg,0.17863464,0.36799622,0.21473694,0.13194275,0.048477173,0.02670288,0.015640259,0.01586914,0.0,0.01449585,0.377594,0.3476715,0.16233826,0.048599243,0.024108887,0.02519226,0.0,0.0,0.005126953,0.16072083,0.2674408,0.31462097,0.19007874,0.06201172
mountain_land11.jpg,0.48266602,0.096069336,0.07673645,0.24365234,0.07940674,0.01335144,0.0048675537,0.003250122,0.4137268,0.09075928,0.08227539,0.02229309,0.15405273,0.21136475,0.016494751,0.009033203,0.2010498,0.16191101,0.18109131,0.050247192,0.024398804,0.0134887695,0.1683197,0.19949341
mountain_land230.jpg,0.16635132,0.401886,0.07002258,0.054016113,0.061538696,0.06484985,0.12808228,0.053253174,0.13822937,0.20196533,0.29943848,0.06213379,0.07154846,0.08998108,0.13075256,0.0059509277,0.13079834,0.13175964,0.21017456,0.23091125,0.11361694,0.17085266,0.011428833,0.00045776367
mountain_land278.jpg,0.102508545,0.21810913,0.18322754,0.24737549,0.100112915,0.062042236,0.043136597,0.04348755,0.008728027,0.06454468,0.2723236,0.28030396,0.21453857,0.08042908,0.04626465,0.03286743,0.074035645,0.30491638,0.15058899,0.24517822,0.14091492,0.07510376,0.008483887,0.00077819824
mountain_land319.jpg,0.0034332275,0.26419067,0.14808655,0.078125,0.072006226,0.096221924,0.12734985,0.21058655,0.00340271,0.08241272,0.42245483,0.14704895,0.1933899,0.124572754,0.022323608,0.0043945312,0.039474487,0.12011719,0.23817444,0.550827,0.042633057,0.0043945312,0.00076293945,0.003616333
mountain_land716.jpg,0.09411621,0.2393341,0.39720154,0.14778137,0.045043945,0.01600647,0.022354126,0.03816223,7.6293945e-05,0.00079345703,0.1631012,0.43154907,0.24189758,0.09434509,0.020339966,0.04789734,3.0517578e-05,0.005432129,0.14808655,0.40855408,0.09906006,0.09899902,0.18887329,0.050964355
mountain_land281.jpg,0.09849548,0.30773926,0.26342773,0.085113525,0.08442688,0.05882263,0.041809082,0.060165405,0.06289673,0.06806946,0.28477478,0.27949524,0.108291626,0.09983826,0.05430603,0.04232788,0.3061676,0.31948853,0.055404663,0.020996094,0.124938965,0.1251831,0.04069519,0.0071258545
mountain_land763.jpg,0.1980133,0.24836731,0.14234924,0.25657654,0.049087524,0.04170227,0.034500122,0.029403687,0.1493988,0.16349792,0.1975708,0.12400818,0.2436676,0.04560852,0.038101196,0.038146973,0.10614014,0.100631714,0.18196106,0.1404419,0.06451416,0.20806885,0.1327362,0.06550598
mountain_n18028.jpg,0.11227417,0.08483887,0.24186707,0.24507141,0.09732056,0.110580444,0.087905884,0.020141602,0.061294556,0.07366943,0.08496094,0.3057251,0.22961426,0.12893677,0.095077515,0.020721436,0.00491333,0.06434631,0.07043457,0.08709717,0.38330078,0.20700073,0.14938354,0.03352356
mountain_land280.jpg,0.40896606,0.1532898,0.12332153,0.099227905,0.06755066,0.057907104,0.042175293,0.047561646,0.022567749,0.38386536,0.23977661,0.13395691,0.08340454,0.059509277,0.034362793,0.042556763,0.029968262,0.13102722,0.18829346,0.3503418,0.17854309,0.05961609,0.021453857,0.040756226
mountain_land775.jpg,0.063690186,0.37878418,0.34924316,0.098861694,0.035812378,0.030014038,0.025543213,0.018051147,9.1552734e-05,0.105407715,0.2374115,0.2679901,0.27548218,0.059036255,0.032318115,0.022262573,9.1552734e-05,0.11791992,0.21562195,0.24409485,0.06651306,0.24078369,0.09573364,0.019241333
mountain_moun37.jpg,0.018218994,0.20779419,0.30664062,0.066726685,0.01473999,0.12565613,0.20822144,0.052001953,0.0012512207,0.052520752,0.29629517,0.21998596,0.042373657,0.09849548,0.21206665,0.07701111,0.057037354,0.17904663,0.2956543,0.05958557,0.018127441,0.005584717,0.1619873,0.22297668
mountain_land260.jpg,0.25827026,0.06867981,0.12664795,0.1651001,0.12524414,0.1481781,0.10140991,0.0064697266,0.35253906,0.13961792,0.2791748,0.16371155,0.061050415,0.0,0.0,0.00390625,0.45056152,0.32980347,0.21562195,0.00010681152,0.0,0.0,0.0,0.00390625
mountain_land315.jpg,0.051437378,0.41584778,0.34022522,0.08377075,0.049545288,0.030090332,0.01473999,0.014343262,0.029327393,0.051574707,0.54411316,0.24673462,0.061904907,0.036117554,0.01574707,0.014480591,0.022018433,0.06163025,0.17739868,0.41748047,0.26083374,0.03590393,0.011154175,0.013580322
mountain_land198.jpg,0.2825775,0.41299438,0.21568298,0.07510376,0.013198853,0.0004272461,0.0,1.5258789e-05,0.013076782,0.19056702,0.20111084,0.5166168,0.07096863,0.0074310303,0.00021362305,1.5258789e-05,0.012481689,0.24264526,0.25527954,0.08425903,0.08706665,0.06549072,0.24450684,0.008270264
mountain_land189.jpg,0.18702698,0.28245544,0.08685303,0.15014648,0.113967896,0.09233093,0.07128906,0.015930176,0.021209717,0.05986023,0.4365387,0.14587402,0.14543152,0.10475159,0.07170105,0.014633179,0.025146484,0.062820435,0.07966614,0.23002625,0.38583374,0.11222839,0.08390808,0.020370483
mountain_moun27.jpg,0.0065460205,0.10342407,0.28157043,0.1670227,0.0708313,0.25421143,0.07647705,0.039916992,0.0040130615,0.071243286,0.22357178,0.2316742,0.094696045,0.0076446533,0.23628235,0.13087463,0.04208374,0.1133728,0.17459106,0.13748169,0.10003662,0.05795288,0.00843811,0.3660431
mountain_land479.jpg,0.16419983,0.23042297,0.19480896,0.05003357,0.11514282,0.16304016,0.052841187,0.029510498,0.03137207,0.30374146,0.21989441,0.07463074,0.025741577,0.12921143,0.1700592,0.04534912,0.012313843,0.4153595,0.17367554,0.033096313,0.026657104,0.17875671,0.1565857,0.0035552979
mountain_moun1.jpg,0.03239441,0.12998962,0.198349,0.18693542,0.24591064,0.038009644,0.022338867,0.14607239,0.015472412,0.07737732,0.22467041,0.1903534,0.07287598,0.06402588,0.18156433,0.17366028,0.024795532,0.04006958,0.24243164,0.2066803,0.06846619,0.014907837,0.012939453,0.38970947
mountain_land318.jpg,0.10090637,0.22332764,0.16828918,0.105148315,0.16215515,0.14093018,0.08811951,0.011123657,0.09492493,0.051818848,0.33868408,0.2511139,0.22157288,0.040237427,0.0016479492,0.0,0.09902954,0.08030701,0.28572083,0.5204468,0.014144897,0.00033569336,1.5258789e-05,0.0
mountain_land172.jpg,0.3078766,0.32022095,0.13929749,0.075027466,0.052856445,0.05429077,0.03526306,0.015167236,0.017227173,0.14385986,0.48661804,0.13407898,0.070892334,0.05496216,0.05569458,0.03666687,0.00030517578,0.022033691,0.1487732,0.42782593,0.21087646,0.075531006,0.07809448,0.03656006
mountain_n18021.jpg,0.21485901,0.08239746,0.076187134,0.15823364,0.19372559,0.13916016,0.065597534,0.06983948,0.22351074,0.06262207,0.062576294,0.1414032,0.22462463,0.1509552,0.06373596,0.0705719,0.073516846,0.18251038,0.052612305,0.09114075,0.20368958,0.22792053,0.10473633,0.06387329
mountain_land17.jpg,0.14157104,0.13072205,0.23353577,0.17791748,0.082962036,0.22322083,0.00982666,0.00024414062,0.0692749,0.13360596,0.1187439,0.2210083,0.16940308,0.11317444,0.16464233,0.010147095,0.04988098,0.087005615,0.14430237,0.21897888,0.15209961,0.20414734,0.1424408,0.0011444092
mountain_land132.jpg,0.058166504,0.57736206,0.11016846,0.10784912,0.13864136,0.0074157715,0.00039672852,0.0,0.00048828125,0.090026855,0.5594635,0.08229065,0.10903931,0.13674927,0.021469116,0.00047302246,6.1035156e-05,0.00091552734,0.08068848,0.29504395,0.3372345,0.04989624,0.12210083,0.11405945
mountain_land18.jpg,1.5258789e-05,0.000869751,0.03163147,0.33280945,0.0874939,0.143219,0.274765,0.12919617,0.0,0.0007019043,0.024795532,0.27796936,0.1315155,0.13487244,0.2863922,0.14375305,0.0,0.0010986328,0.02468872,0.080337524,0.32106018,0.17919922,0.3441162,0.04949951
mountain_n18009.jpg,0.113342285,0.20928955,0.13090515,0.097732544,0.10070801,0.07737732,0.22563171,0.045013428,0.11810303,0.22099304,0.20187378,0.15969849,0.03691101,0.0015411377,0.18888855,0.07199097,0.10357666,0.20918274,0.26361084,0.15267944,0.009033203,0.0012817383,0.057922363,0.20271301
mountain_land143.jpg,0.00090026855,0.34513855,0.29129028,0.14129639,0.075164795,0.08262634,0.052520752,0.011062622,0.0001373291,0.005340576,0.4437561,0.28149414,0.08692932,0.077941895,0.073150635,0.03125,0.0,0.0023040771,0.00920105,0.042800903,0.6659851,0.10699463,0.09025574,0.082458496
mountain_n18019.jpg,0.2737732,0.15504456,0.1204834,0.08911133,0.09817505,0.10055542,0.12055969,0.042297363,0.009628296,0.18701172,0.2861023,0.107162476,0.10105896,0.11534119,0.13264465,0.061050415,0.0005493164,0.05984497,0.1656189,0.33750916,0.094329834,0.119781494,0.14187622,0.08049011
mountain_land10.jpg,0.005264282,0.03614807,0.36462402,0.15318298,0.08459473,0.08105469,0.19715881,0.07797241,0.0062408447,0.04121399,0.37280273,0.16586304,0.08126831,0.12919617,0.17933655,0.02407837,0.029129028,0.060562134,0.2525177,0.2710266,0.099227905,0.26123047,0.025985718,0.00032043457
mountain_land130.jpg,0.09669495,0.28971863,0.37042236,0.08187866,0.057632446,0.0390625,0.030853271,0.033737183,0.015197754,0.07839966,0.25283813,0.40167236,0.0987854,0.059127808,0.039642334,0.054336548,0.005844116,0.0071411133,0.053237915,0.16722107,0.35180664,0.26428223,0.08354187,0.06692505
mountain_land142.jpg,0.22705078,0.4968872,0.10964966,0.09588623,0.059295654,0.0105896,0.00064086914,0.0,0.0041503906,0.23318481,0.47550964,0.102386475,0.076156616,0.07740784,0.028427124,0.0027770996,0.00012207031,0.021026611,0.17823792,0.32984924,0.26646423,0.078704834,0.07987976,0.045715332
mountain_land778.jpg,0.03491211,0.51441956,0.2739563,0.038909912,0.023956299,0.02217102,0.022918701,0.0687561,0.00015258789,0.05429077,0.2717743,0.14263916,0.32868958,0.100631714,0.027893066,0.07392883,0.00016784668,0.061569214,0.25509644,0.10340881,0.054840088,0.18763733,0.2596588,0.07762146
mountain_land145.jpg,0.13523865,0.70718384,0.070632935,0.025863647,0.021118164,0.016540527,0.00982666,0.013595581,0.010131836,0.16520691,0.68273926,0.0663147,0.024261475,0.01927185,0.014007568,0.018066406,0.0038452148,0.014953613,0.14733887,0.27000427,0.5031738,0.024368286,0.016738892,0.019577026
mountain_land188.jpg,0.45535278,0.22161865,0.12004089,0.051223755,0.030319214,0.038635254,0.07417297,0.008636475,0.0027923584,0.3701172,0.32559204,0.10948181,0.043762207,0.020217896,0.03677368,0.09126282,0.0,0.00036621094,0.044647217,0.22132874,0.37809753,0.18339539,0.035064697,0.13710022
mountain_land153.jpg,0.441864,0.07423401,0.2492981,0.10696411,0.056503296,0.052642822,0.01701355,0.0014801025,0.19247437,0.3200531,0.25009155,0.10203552,0.053359985,0.05177307,0.02708435,0.0031280518,0.006439209,0.11483765,0.660553,0.08026123,0.04963684,0.048034668,0.03475952,0.0054779053
mountain_land680.jpg,0.021087646,0.047576904,0.10040283,0.15693665,0.17333984,0.103637695,0.17552185,0.22149658,0.0015106201,0.0012817383,0.040725708,0.10610962,0.21392822,0.18551636,0.18200684,0.2689209,0.002090454,0.0018920898,0.004425049,0.022415161,0.3467102,0.41252136,0.20407104,0.005874634
mountain_land619.jpg,0.014755249,0.31637573,0.3263855,0.08377075,0.06915283,0.03857422,0.063812256,0.08717346,0.0053710938,0.22627258,0.35328674,0.12030029,0.08880615,0.06588745,0.12532043,0.014755249,0.017807007,0.27433777,0.11920166,0.115219116,0.17073059,0.28448486,0.0181427,7.6293945e-05
mountain_cdmc184.jpg,0.14424133,0.15501404,0.09121704,0.12768555,0.066986084,0.16204834,0.21714783,0.03565979,0.012374878,0.11009216,0.1618042,0.08943176,0.14204407,0.06639099,0.16252136,0.25534058,0.0015411377,0.08912659,0.04902649,0.12458801,0.088272095,0.17979431,0.13128662,0.33636475
mountain_land275.jpg,0.043548584,0.30984497,0.21186829,0.109069824,0.06510925,0.065338135,0.074157715,0.12106323,0.00039672852,0.13394165,0.5250244,0.16612244,0.11413574,0.05064392,0.008911133,0.0008239746,0.0048217773,0.04057312,0.2867279,0.57164,0.08892822,0.0067596436,0.0005493164,0.0
mountain_land886.jpg,0.18885803,0.541275,0.06437683,0.032913208,0.008712769,0.011993408,0.03262329,0.11924744,0.11192322,0.12420654,0.46017456,0.096954346,0.04812622,0.03125,0.039352417,0.088012695,0.11079407,0.0370636,0.12710571,0.09072876,0.2692871,0.24052429,0.06866455,0.05583191
mountain_land197.jpg,0.03175354,0.26000977,0.23731995,0.07707214,0.051971436,0.060958862,0.18476868,0.09614563,0.0039520264,0.024307251,0.23297119,0.21743774,0.13092041,0.07015991,0.16130066,0.1589508,0.003921509,0.0021972656,0.028015137,0.18077087,0.18235779,0.2346344,0.29156494,0.076538086
mountain_n18023.jpg,0.10940552,0.3530426,0.0675354,0.10145569,0.11824036,0.13786316,0.10317993,0.009277344,0.0042419434,0.2147522,0.25274658,0.07281494,0.115600586,0.17868042,0.1487732,0.012390137,0.0,0.00019836426,0.029464722,0.09234619,0.38729858,0.15222168,0.29847717,0.039993286
mountain_land6.jpg,0.20028687,0.56941223,0.078323364,0.024047852,0.019332886,0.024291992,0.020202637,0.06410217,0.002105713,0.1565094,0.43014526,0.26757812,0.020233154,0.017059326,0.022232056,0.08413696,0.0012054443,0.15989685,0.3829651,0.04953003,0.27845764,0.025161743,0.026657104,0.0761261
mountain_n18022.jpg,0.11369324,0.25764465,0.1302185,0.11595154,0.13858032,0.11605835,0.107055664,0.02079773,0.15237427,0.23165894,0.11943054,0.117752075,0.14001465,0.115112305,0.10517883,0.018478394,0.18153381,0.20924377,0.11001587,0.106048584,0.13024902,0.11010742,0.116989136,0.035812378
mountain_art1132.jpg,0.013809204,0.17765808,0.050735474,0.043151855,0.033416748,0.031799316,0.038009644,0.6114197,0.012939453,0.04206848,0.10191345,0.11595154,0.036117554,0.03401184,0.037124634,0.61987305,0.006790161,0.025604248,0.04585266,0.02420044,0.03503418,0.14743042,0.06163025,0.65345764
mountain_land180.jpg,0.058746338,0.546402,0.24705505,0.096328735,0.030395508,0.014328003,0.005706787,0.0010375977,0.0012512207,0.089523315,0.4998169,0.22238159,0.11669922,0.043441772,0.017089844,0.009796143,0.0,0.0027770996,0.07652283,0.067276,0.29640198,0.41351318,0.096832275,0.046676636
mountain_land196.jpg,0.38175964,0.07475281,0.088027954,0.14849854,0.13586426,0.11920166,0.049850464,0.0020446777,0.010864258,0.07826233,0.4704895,0.18122864,0.17196655,0.08024597,0.006790161,0.00015258789,0.040664673,0.103897095,0.14680481,0.6164856,0.08392334,0.0077819824,0.00044250488,0.0
mountain_land33.jpg,0.014755249,0.38342285,0.11338806,0.19200134,0.20195007,0.04710388,0.029922485,0.017456055,0.0013885498,0.3691101,0.10153198,0.1387024,0.2730713,0.08181763,0.03437805,0.0,0.0048980713,0.2381134,0.13952637,0.057357788,0.17030334,0.2359314,0.1525116,0.0013580322
mountain_land28.jpg,0.04473877,0.253479,0.40653992,0.14515686,0.09942627,0.035339355,0.013885498,0.0014343262,0.024841309,0.13240051,0.37164307,0.28822327,0.11457825,0.042266846,0.022079468,0.003967285,0.027679443,0.1940918,0.28248596,0.23278809,0.20697021,0.042312622,0.012893677,0.00077819824
mountain_land387.jpg,0.048309326,0.06173706,0.224823,0.12413025,0.092941284,0.17295837,0.14308167,0.13201904,0.05206299,0.0605011,0.026351929,0.25056458,0.20474243,0.20381165,0.15966797,0.042297363,0.043563843,0.07757568,0.03692627,0.10165405,0.50491333,0.20748901,0.027435303,0.00044250488
mountain_land179.jpg,0.0050354004,0.54156494,0.105667114,0.10404968,0.080703735,0.082962036,0.06271362,0.017303467,0.00021362305,0.014389038,0.36375427,0.32569885,0.08543396,0.078323364,0.08154297,0.05064392,4.5776367e-05,0.0036773682,0.040863037,0.1595459,0.41996765,0.21737671,0.09916687,0.05935669
mountain_land30.jpg,0.15585327,0.20791626,0.21653748,0.098083496,0.030563354,0.030807495,0.08995056,0.17028809,0.17424011,0.28018188,0.19822693,0.055221558,0.0062713623,0.060836792,0.10211182,0.122909546,0.17306519,0.33032227,0.13786316,0.03591919,0.02810669,0.0057678223,0.03529358,0.2536621
mountain_land286.jpg,0.40309143,0.11929321,0.2713623,0.12898254,0.05053711,0.017242432,0.0066070557,0.0028839111,0.043319702,0.24557495,0.38420105,0.22875977,0.062316895,0.023742676,0.008560181,0.0035247803,0.1486206,0.27189636,0.11619568,0.16519165,0.19192505,0.08679199,0.016571045,0.0028076172
mountain_land201.jpg,0.10974121,0.27690125,0.23892212,0.10195923,0.12312317,0.089157104,0.04286194,0.017333984,0.13513184,0.08746338,0.39285278,0.331604,0.04496765,0.005004883,0.0018310547,0.0011444092,0.22720337,0.23641968,0.118118286,0.06298828,0.31770325,0.032730103,0.002960205,0.001876831
mountain_cdmc181.jpg,0.09164429,0.101638794,0.095840454,0.23802185,0.17312622,0.0864563,0.17962646,0.03364563,0.006210327,0.11419678,0.080078125,0.110961914,0.28526306,0.12734985,0.12562561,0.15031433,0.015533447,0.04272461,0.07687378,0.100128174,0.31925964,0.1826477,0.1681366,0.094696045
mountain_land787.jpg,0.1903534,0.25102234,0.13876343,0.26678467,0.049118042,0.04055786,0.033920288,0.02947998,0.14303589,0.1671753,0.19364929,0.120651245,0.25585938,0.044143677,0.037353516,0.038131714,0.10005188,0.09913635,0.18348694,0.13903809,0.064819336,0.21481323,0.13456726,0.064086914
mountain_cdmc187.jpg,0.07727051,0.19393921,0.060409546,0.10562134,0.027770996,0.16015625,0.37330627,0.0015258789,0.00077819824,0.07095337,0.206604,0.07872009,0.08164978,0.020507812,0.07739258,0.46339417,0.0,0.0032806396,0.04611206,0.2381897,0.11860657,0.04206848,0.07385254,0.47789
mountain_land780.jpg,0.11393738,0.2692566,0.27804565,0.19277954,0.08934021,0.016921997,0.018112183,0.021606445,0.00390625,0.13627625,0.2930298,0.40319824,0.11830139,0.02444458,0.019165039,0.0016784668,0.00390625,0.015823364,0.34843445,0.21394348,0.36758423,0.02659607,0.023391724,0.00032043457
mountain_n18039.jpg,0.52693176,0.028930664,0.022857666,0.12358093,0.11541748,0.035247803,0.08262634,0.06440735,0.47146606,0.05088806,0.025924683,0.023605347,0.15855408,0.11512756,0.078430176,0.07600403,0.3945465,0.072402954,0.042633057,0.024276733,0.02053833,0.022888184,0.2244873,0.19822693
mountain_moun14.jpg,0.115859985,0.46614075,0.13833618,0.043121338,0.02029419,0.012512207,0.014175415,0.18955994,0.11506653,0.44837952,0.15286255,0.04824829,0.023544312,0.015823364,0.013580322,0.18249512,0.14839172,0.48591614,0.107543945,0.04685974,0.015701294,0.00730896,0.011962891,0.17631531
mountain_land27.jpg,0.3378296,0.14996338,0.11871338,0.055236816,0.16712952,0.09465027,0.06147766,0.01499939,0.15278625,0.23109436,0.15162659,0.08566284,0.03552246,0.039108276,0.1690216,0.13517761,0.037612915,0.3076172,0.13775635,0.10757446,0.057113647,0.033706665,0.18115234,0.13746643
mountain_land13.jpg,0.3202057,0.19821167,0.29039,0.16722107,0.011734009,0.0039520264,0.0025024414,0.005783081,0.077041626,0.20663452,0.24145508,0.12231445,0.18881226,0.14239502,0.0137786865,0.0075683594,0.104400635,0.18774414,0.22320557,0.07519531,0.05722046,0.07867432,0.15629578,0.117263794
mountain_land16.jpg,0.042770386,0.18180847,0.5085602,0.120224,0.029846191,0.017211914,0.021636963,0.077941895,1.5258789e-05,0.020065308,0.08831787,0.44996643,0.23474121,0.07702637,0.032943726,0.09692383,0.0,0.006210327,0.0708313,0.13186646,0.5245819,0.1377716,0.04182434,0.08691406
mountain_land471.jpg,0.232193,0.3399353,0.10786438,0.1681366,0.08506775,0.037521362,0.022537231,0.0067443848,0.00390625,0.22628784,0.3239441,0.11013794,0.11512756,0.14997864,0.045455933,0.025161743,0.004257202,0.30178833,0.28604126,0.08798218,0.16511536,0.14453125,0.010284424,0.0
mountain_art1131.jpg,0.25004578,0.15078735,0.02734375,0.04067993,0.046310425,0.09223938,0.16459656,0.22799683,0.008880615,0.019958496,0.3921051,0.04510498,0.05140686,0.13160706,0.18338013,0.16755676,0.006668091,0.006362915,0.038635254,0.10005188,0.33041382,0.07116699,0.16575623,0.28094482
mountain_land465.jpg,0.35687256,0.15242004,0.11254883,0.28616333,0.09120178,0.0007324219,4.5776367e-05,1.5258789e-05,0.1894226,0.24980164,0.14025879,0.08358765,0.2728424,0.0639801,4.5776367e-05,6.1035156e-05,0.15068054,0.28953552,0.1317749,0.07318115,0.061203003,0.14356995,0.15002441,3.0517578e-05
mountain_land4.jpg,0.0009613037,0.10916138,0.3446045,0.16508484,0.124557495,0.0847168,0.082214355,0.08869934,0.00062561035,0.090026855,0.24259949,0.16671753,0.07710266,0.17745972,0.14572144,0.099746704,0.0001373291,0.07862854,0.28044128,0.25405884,0.048080444,0.0015869141,0.0019226074,0.33514404
mountain_land879.jpg,0.0041046143,0.35359192,0.15330505,0.05949402,0.12049866,0.19946289,0.09140015,0.0181427,0.0,0.13630676,0.28044128,0.13995361,0.084991455,0.18412781,0.11955261,0.054626465,1.5258789e-05,0.012008667,0.31263733,0.19467163,0.17224121,0.05895996,0.009292603,0.24017334
mountain_n18036.jpg,0.04397583,0.22019958,0.45307922,0.2137909,0.043182373,0.012054443,0.0048217773,0.008895874,0.06022644,0.29156494,0.36932373,0.2150116,0.045272827,0.0066375732,0.005218506,0.0067443848,0.05543518,0.35269165,0.23239136,0.09625244,0.033096313,0.20848083,0.014389038,0.0072631836
mountain_land161.jpg,0.03111267,0.3789978,0.16827393,0.15209961,0.09072876,0.0667572,0.07411194,0.03791809,7.6293945e-05,0.0043945312,0.3085022,0.31263733,0.16009521,0.084365845,0.07998657,0.049942017,3.0517578e-05,0.0012969971,0.020965576,0.08518982,0.28251648,0.37028503,0.1060791,0.13363647
mountain_moun41.jpg,0.009750366,0.21302795,0.35688782,0.16293335,0.012771606,0.009979248,0.008300781,0.22634888,0.00016784668,0.035507202,0.3536377,0.33444214,0.030776978,0.0024261475,0.010253906,0.23278809,0.0005645752,0.05178833,0.40072632,0.2605133,0.039138794,0.0035247803,0.0018157959,0.2419281
mountain_land150.jpg,0.50283813,0.18339539,0.20643616,0.08665466,0.012969971,0.0060424805,0.0015869141,7.6293945e-05,0.006591797,0.47706604,0.28881836,0.167099,0.045944214,0.0070648193,0.0058135986,0.0016021729,0.00076293945,0.010925293,0.2879486,0.5326538,0.14033508,0.015090942,0.0066375732,0.005645752
mountain_land22.jpg,0.12281799,0.08407593,0.19534302,0.24812317,0.24856567,0.07128906,0.01586914,0.013916016,0.0954895,0.07678223,0.09059143,0.20291138,0.19560242,0.20370483,0.10752869,0.027389526,0.09951782,0.068359375,0.06906128,0.12934875,0.14930725,0.18040466,0.2622223,0.041778564
mountain_moun32.jpg,0.0748291,0.2869568,0.25820923,0.081100464,0.040649414,0.08187866,0.06237793,0.11399841,0.06993103,0.12289429,0.38667297,0.11634827,0.015960693,0.08340454,0.07714844,0.12763977,0.13131714,0.11009216,0.06324768,0.32026672,0.07727051,0.014373779,0.05470276,0.22872925
mountain_n738013.jpg,0.27908325,0.24053955,0.15454102,0.15118408,0.11407471,0.043426514,0.015991211,0.001159668,0.094177246,0.26242065,0.28015137,0.13195801,0.12866211,0.07284546,0.025787354,0.0039978027,0.090270996,0.19012451,0.15855408,0.22140503,0.19584656,0.10058594,0.035247803,0.007965088
mountain_n213092.jpg,0.09988403,0.1867218,0.13969421,0.10334778,0.20297241,0.25932312,0.008056641,0.0,0.0,0.0,0.02116394,0.28041077,0.23582458,0.34939575,0.11312866,7.6293945e-05,0.0,0.0,0.0,0.001159668,0.052474976,0.44638062,0.49171448,0.008270264
mountain_nat37.jpg,0.0046539307,0.04914856,0.28390503,0.36306763,0.107803345,0.11239624,0.062210083,0.016815186,0.0034942627,0.054870605,0.31498718,0.19215393,0.14804077,0.1659851,0.083602905,0.036865234,0.01626587,0.1554718,0.32362366,0.10139465,0.05822754,0.0978241,0.22366333,0.023529053
mountain_n344076.jpg,0.2390747,0.12840271,0.1525116,0.08114624,0.11097717,0.1637268,0.1230011,0.001159668,0.039535522,0.08190918,0.22058105,0.14230347,0.10606384,0.17295837,0.2347107,0.0019378662,0.05671692,0.090545654,0.1326294,0.028884888,0.019088745,0.14263916,0.52275085,0.0067443848
mountain_n213065.jpg,0.20129395,0.08203125,0.14575195,0.26869202,0.15312195,0.052871704,0.054641724,0.04159546,0.21270752,0.092437744,0.17755127,0.15280151,0.22727966,0.056503296,0.06895447,0.011764526,0.21272278,0.065460205,0.034088135,0.0524292,0.20246887,0.1426239,0.2802124,0.009994507
mountain_nat28.jpg,0.10345459,0.24073792,0.21231079,0.254776,0.12866211,0.04512024,0.014755249,0.00018310547,0.019348145,0.1542511,0.29129028,0.12727356,0.17140198,0.18840027,0.038101196,0.009933472,0.013916016,0.12910461,0.24224854,0.13677979,0.13180542,0.11619568,0.21342468,0.016525269
mountain_nat43.jpg,0.0033111572,0.020629883,0.24206543,0.22683716,0.07713318,0.31939697,0.10072327,0.009902954,0.0022735596,0.018585205,0.12765503,0.11199951,0.2756195,0.2182312,0.21662903,0.029006958,0.004501343,0.036087036,0.13946533,0.05911255,0.054733276,0.4784851,0.2111206,0.016494751
mountain_n405030.jpg,0.04396057,0.4824829,0.1791687,0.06829834,0.0155181885,0.005935669,0.1412201,0.06341553,0.028747559,0.46572876,0.12843323,0.1235199,0.036697388,0.008880615,0.18484497,0.023147583,0.026306152,0.39151,0.13900757,0.11256409,0.09741211,0.021530151,0.1979065,0.013763428
mountain_n199073.jpg,0.054000854,0.04034424,0.080963135,0.17419434,0.28489685,0.26080322,0.0896759,0.01512146,0.07722473,0.08418274,0.16526794,0.2214508,0.22135925,0.1519165,0.072784424,0.0058135986,0.08982849,0.10583496,0.18492126,0.2243805,0.22111511,0.10771179,0.034805298,0.031402588
mountain_n738012.jpg,0.44711304,0.24743652,0.1486206,0.09832764,0.04295349,0.009307861,0.004837036,0.0014038086,0.093826294,0.2450409,0.25471497,0.18597412,0.1387024,0.068603516,0.0107421875,0.0023956299,0.10598755,0.23612976,0.12983704,0.18225098,0.17802429,0.13764954,0.027801514,0.002319336
mountain_n213095.jpg,0.1260376,0.11991882,0.0572052,0.09385681,0.1351471,0.1804657,0.22488403,0.06248474,0.019973755,0.069885254,0.07476807,0.1131897,0.2136383,0.19326782,0.23866272,0.07661438,0.0,0.0008087158,0.012649536,0.07949829,0.19062805,0.34352112,0.365036,0.007858276
mountain_n266017.jpg,0.481781,0.11526489,0.014053345,0.013320923,0.2073822,0.024642944,0.095840454,0.047714233,0.3675537,0.2137146,0.027679443,0.012084961,0.20324707,0.029586792,0.097961426,0.048171997,0.509079,0.08526611,0.013671875,0.011459351,0.012542725,0.21017456,0.105392456,0.05241394
mountain_nat1094.jpg,0.37965393,0.18325806,0.19247437,0.20599365,0.03744507,0.0011291504,4.5776367e-05,0.0,0.18504333,0.098724365,0.19252014,0.09933472,0.16970825,0.1267395,0.12075806,0.007171631,0.17889404,0.038360596,0.104766846,0.13865662,0.086502075,0.16043091,0.28985596,0.002532959
mountain_n213049.jpg,0.29144287,0.04437256,0.047668457,0.036514282,0.029556274,0.07249451,0.36169434,0.116256714,0.0068511963,0.096328735,0.25395203,0.07510376,0.04638672,0.057373047,0.37623596,0.087768555,0.023712158,0.018951416,0.014785767,0.100250244,0.20703125,0.15666199,0.40956116,0.06904602
mountain_n44002.jpg,0.17311096,0.12359619,0.09156799,0.090911865,0.108688354,0.1499939,0.2051239,0.057006836,0.1515503,0.11264038,0.104537964,0.08544922,0.10585022,0.14955139,0.20059204,0.08982849,0.12506104,0.13705444,0.10021973,0.08830261,0.10449219,0.14271545,0.21270752,0.08944702
mountain_n199080.jpg,0.042633057,0.19815063,0.24137878,0.19984436,0.15374756,0.090148926,0.063949585,0.010147095,0.023590088,0.15618896,0.28289795,0.24177551,0.15997314,0.0816803,0.052200317,0.0016937256,0.06173706,0.24217224,0.23449707,0.1413269,0.083496094,0.09933472,0.117370605,0.020065308
mountain_nat1236.jpg,0.18400574,0.11505127,0.05189514,0.08718872,0.17953491,0.2192688,0.15145874,0.01159668,0.14933777,0.1281128,0.05256653,0.060028076,0.15776062,0.25720215,0.18135071,0.013641357,0.14622498,0.022003174,0.13339233,0.054260254,0.1204834,0.24911499,0.25650024,0.01802063
mountain_nat332.jpg,0.087127686,0.07511902,0.17134094,0.2408905,0.096725464,0.07714844,0.14416504,0.10748291,0.029464722,0.074645996,0.12088013,0.25268555,0.19151306,0.12284851,0.15032959,0.057632446,0.0048675537,0.08256531,0.100234985,0.1129303,0.3159027,0.15136719,0.16410828,0.06802368
mountain_nat1234.jpg,0.19636536,0.3028412,0.060546875,0.078186035,0.10499573,0.15994263,0.092437744,0.0046844482,0.34736633,0.1617279,0.057907104,0.07989502,0.1129303,0.16590881,0.071777344,0.0024871826,0.17550659,0.31376648,0.06321716,0.068618774,0.098236084,0.16766357,0.109695435,0.0032958984
mountain_n344032.jpg,0.3474121,0.17555237,0.20375061,0.17207336,0.045043945,0.022125244,0.02798462,0.0060577393,0.27923584,0.17944336,0.22058105,0.20507812,0.053604126,0.022369385,0.031906128,0.0077819824,0.26029968,0.15582275,0.28076172,0.17759705,0.061141968,0.021575928,0.033340454,0.009460449
mountain_n736011.jpg,0.010101318,0.2019043,0.2181549,0.17488098,0.22749329,0.12159729,0.027938843,0.017929077,0.0001373291,0.14015198,0.25178528,0.15560913,0.27346802,0.15444946,0.020004272,0.0043945312,3.0517578e-05,0.008972168,0.25268555,0.22250366,0.30555725,0.20960999,0.00064086914,0.0
mountain_n392087.jpg,0.2287445,0.17004395,0.21427917,0.14349365,0.08657837,0.070251465,0.061660767,0.02494812,0.3296814,0.16342163,0.11929321,0.08306885,0.14588928,0.07493591,0.058135986,0.02557373,0.2872162,0.27008057,0.10144043,0.047470093,0.02758789,0.08528137,0.1385498,0.042373657
mountain_n213093.jpg,0.14175415,0.19795227,0.20910645,0.14898682,0.14930725,0.14764404,0.0052490234,0.0,0.0,7.6293945e-05,0.04296875,0.23603821,0.39457703,0.2735443,0.05267334,0.00012207031,0.0,0.0,0.0,0.0011291504,0.03086853,0.6211853,0.3405304,0.006286621
mountain_nat1084.jpg,0.020904541,0.10598755,0.07119751,0.052490234,0.1174469,0.39866638,0.2192688,0.014038086,0.015670776,0.025939941,0.11859131,0.08792114,0.1109314,0.35046387,0.27685547,0.013626099,0.013183594,0.021865845,0.03125,0.13571167,0.14982605,0.35310364,0.27853394,0.016525269
mountain_nat317.jpg,0.49905396,0.07147217,0.11000061,0.095062256,0.09729004,0.07571411,0.033096313,0.018310547,0.31678772,0.1844635,0.086746216,0.1177063,0.11039734,0.100097656,0.054382324,0.029418945,0.13513184,0.20637512,0.200531,0.104141235,0.13969421,0.09812927,0.07145691,0.044540405
mountain_nat59.jpg,0.32279968,0.17922974,0.05911255,0.111831665,0.14385986,0.05555725,0.064971924,0.06263733,0.056915283,0.22013855,0.2114563,0.082611084,0.06062317,0.174057,0.061920166,0.13227844,0.03250122,0.13513184,0.17765808,0.18081665,0.059143066,0.05783081,0.18266296,0.17425537
mountain_nat445.jpg,0.46391296,0.11868286,0.11756897,0.11717224,0.07469177,0.027694702,0.01260376,0.06767273,0.10420227,0.16978455,0.34031677,0.22860718,0.061340332,0.016448975,0.011352539,0.06794739,0.17503357,0.13240051,0.1437378,0.06526184,0.065841675,0.17152405,0.17175293,0.07444763
mountain_n347077.jpg,0.032104492,0.2730255,0.27012634,0.18252563,0.092315674,0.04345703,0.038711548,0.067733765,0.033859253,0.24914551,0.22970581,0.16690063,0.13793945,0.059005737,0.08345032,0.039993286,0.042633057,0.27035522,0.22650146,0.10385132,0.11154175,0.10928345,0.10420227,0.03163147
mountain_n44031.jpg,0.078308105,0.35095215,0.2801361,0.15208435,0.06021118,0.037460327,0.032791138,0.008056641,0.02519226,0.19805908,0.31747437,0.2849121,0.085128784,0.053131104,0.030471802,0.005630493,0.031463623,0.18939209,0.18331909,0.15301514,0.23672485,0.16009521,0.036453247,0.009536743
mountain_n199074.jpg,0.034622192,0.03262329,0.0622406,0.16499329,0.28996277,0.29493713,0.107543945,0.013076782,0.04449463,0.039367676,0.079589844,0.24732971,0.35253906,0.18881226,0.04345703,0.00440979,0.03881836,0.055984497,0.09283447,0.21456909,0.37303162,0.18659973,0.035247803,0.0029144287
mountain_nat409.jpg,0.53030396,0.10797119,0.069488525,0.08389282,0.08224487,0.07234192,0.043640137,0.010116577,0.10673523,0.053085327,0.24960327,0.29214478,0.13124084,0.08073425,0.06123352,0.025222778,0.014312744,0.11312866,0.04081726,0.07336426,0.11349487,0.37721252,0.20838928,0.059280396
mountain_n405055.jpg,0.46832275,0.09275818,0.0874939,0.12298584,0.06956482,0.07551575,0.07196045,0.011398315,0.1435852,0.3086548,0.0861969,0.08413696,0.16133118,0.10839844,0.09365845,0.014038086,0.03024292,0.05456543,0.11027527,0.3374939,0.107055664,0.20751953,0.12635803,0.026489258
mountain_n199015.jpg,0.021194458,0.11390686,0.13569641,0.14266968,0.30386353,0.20483398,0.068359375,0.009475708,0.021652222,0.11529541,0.14445496,0.14338684,0.19776917,0.26278687,0.10664368,0.008010864,0.033187866,0.117889404,0.15106201,0.14624023,0.18295288,0.11961365,0.19309998,0.05595398
mountain_nat1231.jpg,0.09223938,0.27944946,0.11502075,0.08656311,0.09512329,0.18460083,0.12414551,0.022857666,0.07270813,0.2026062,0.17680359,0.11079407,0.098220825,0.19706726,0.12210083,0.019699097,0.03199768,0.06628418,0.15736389,0.14802551,0.18275452,0.18997192,0.19322205,0.030380249
mountain_nat1046.jpg,0.023605347,0.04472351,0.04586792,0.27319336,0.16859436,0.23835754,0.19075012,0.014907837,0.04067993,0.029769897,0.030563354,0.11431885,0.28675842,0.27764893,0.20762634,0.012634277,0.05102539,0.03440857,0.026290894,0.15710449,0.3182068,0.3357849,0.07185364,0.0053253174
mountain_nat122.jpg,0.03652954,0.023101807,0.14627075,0.3430786,0.17098999,0.07640076,0.18814087,0.015487671,0.03236389,0.023101807,0.018508911,0.1809082,0.27819824,0.23236084,0.1951294,0.03942871,0.03744507,0.023223877,0.013092041,0.022857666,0.23478699,0.29743958,0.2949524,0.07620239
mountain_n266020.jpg,0.21298218,0.06767273,0.17259216,0.2398529,0.06945801,0.10826111,0.10984802,0.019332886,0.2101593,0.06272888,0.08097839,0.21316528,0.18077087,0.122558594,0.11001587,0.019622803,0.18681335,0.061660767,0.052444458,0.086883545,0.23649597,0.2061615,0.14570618,0.023834229
mountain_n219006.jpg,0.09681702,0.13877869,0.269989,0.2663269,0.15231323,0.05117798,0.017181396,0.0074157715,0.08822632,0.123413086,0.2184906,0.29115295,0.2089386,0.048461914,0.013290405,0.008026123,0.15829468,0.17172241,0.18200684,0.15560913,0.12660217,0.13887024,0.054031372,0.012863159
mountain_nat391.jpg,0.18972778,0.053756714,0.1499176,0.24693298,0.22193909,0.10446167,0.023925781,0.009338379,0.16015625,0.049942017,0.07733154,0.20944214,0.33146667,0.12940979,0.031936646,0.010314941,0.17337036,0.06489563,0.07797241,0.16577148,0.18991089,0.25907898,0.05470276,0.014297485
mountain_nat17.jpg,0.05567932,0.13180542,0.09112549,0.14031982,0.27590942,0.27941895,0.02558899,0.00015258789,0.017532349,0.10494995,0.084198,0.09941101,0.2947693,0.17323303,0.2237854,0.0021209717,0.021560669,0.10974121,0.033462524,0.12538147,0.1991272,0.3788147,0.13038635,0.0015258789
mountain_n347078.jpg,0.36476135,0.14259338,0.08895874,0.11442566,0.15586853,0.10002136,0.028564453,0.0048065186,0.09185791,0.22340393,0.2334137,0.1564331,0.18110657,0.08943176,0.02166748,0.0026855469,0.008331299,0.068222046,0.37338257,0.26753235,0.19476318,0.07244873,0.014434814,0.00088500977
mountain_n531080.jpg,0.19508362,0.17118835,0.08729553,0.0675354,0.08718872,0.13868713,0.20759583,0.045425415,0.11831665,0.10189819,0.063568115,0.16825867,0.08564758,0.1268158,0.2782135,0.057281494,0.09036255,0.067993164,0.07069397,0.04460144,0.046524048,0.1726532,0.25152588,0.25564575
mountain_n213048.jpg,0.25871277,0.020553589,0.08589172,0.16583252,0.066329956,0.24266052,0.127594,0.032424927,0.06645203,0.15681458,0.24024963,0.100097656,0.04034424,0.19017029,0.15916443,0.046707153,0.045684814,0.13682556,0.09156799,0.042755127,0.16896057,0.22367859,0.24087524,0.0496521
mountain_nat11.jpg,0.08526611,0.27711487,0.11882019,0.1893158,0.21278381,0.07019043,0.04359436,0.0029144287,0.008102417,0.11576843,0.2778778,0.13838196,0.17948914,0.20172119,0.07055664,0.008102417,0.00030517578,0.013534546,0.10142517,0.23143005,0.16795349,0.18269348,0.22419739,0.07846069
mountain_nat41.jpg,0.074920654,0.1259613,0.4039154,0.21536255,0.08106995,0.07028198,0.025756836,0.0027313232,0.03479004,0.09025574,0.15811157,0.2518921,0.3255005,0.07910156,0.048477173,0.011871338,0.022781372,0.09588623,0.1320343,0.1829834,0.19897461,0.31105042,0.047332764,0.008956909
mountain_n344019.jpg,0.1641388,0.38703918,0.09942627,0.050048828,0.031829834,0.027557373,0.12773132,0.11222839,0.23199463,0.40299988,0.04812622,0.06681824,0.05114746,0.08232117,0.110443115,0.006149292,0.14356995,0.34465027,0.26445007,0.13285828,0.06692505,0.025802612,0.018432617,0.0033111572
mountain_n18069.jpg,0.27334595,0.019042969,0.05836487,0.06237793,0.06904602,0.093185425,0.3347473,0.08988953,0.259552,0.02935791,0.011688232,0.08569336,0.09249878,0.13214111,0.34681702,0.042251587,0.27182007,0.019897461,0.010543823,0.013076782,0.023330688,0.22406006,0.40249634,0.03477478
mountain_n860054.jpg,0.38882446,0.23278809,0.07511902,0.095199585,0.069381714,0.06652832,0.070510864,0.0016479492,0.058395386,0.4985962,0.1619873,0.08729553,0.049728394,0.056533813,0.08427429,0.003189087,0.012252808,0.26724243,0.23321533,0.28755188,0.040283203,0.030944824,0.11444092,0.0140686035
mountain_n213086.jpg,0.035858154,0.10621643,0.258255,0.21643066,0.13867188,0.078323364,0.07569885,0.090545654,0.038101196,0.06736755,0.15875244,0.22550964,0.17010498,0.15931702,0.09083557,0.0900116,0.027893066,0.04374695,0.060928345,0.08291626,0.22691345,0.14311218,0.31129456,0.10319519
mountain_n213081.jpg,0.19616699,0.07388306,0.059066772,0.062316895,0.19493103,0.2717743,0.07736206,0.0644989,0.017929077,0.089416504,0.087127686,0.3734436,0.2048645,0.103271484,0.061065674,0.06288147,0.12934875,0.1414032,0.14404297,0.118881226,0.09056091,0.10235596,0.13160706,0.14179993
mountain_nat67.jpg,0.31999207,0.19229126,0.06744385,0.10258484,0.230896,0.05290222,0.026321411,0.0075683594,0.2099762,0.20578003,0.12837219,0.09132385,0.13305664,0.19328308,0.02973938,0.008468628,0.057418823,0.24247742,0.07183838,0.16113281,0.09890747,0.12498474,0.21632385,0.026916504
mountain_nat494.jpg,0.22041321,0.223526,0.20700073,0.11634827,0.09550476,0.05857849,0.049591064,0.029037476,0.07511902,0.22447205,0.3048706,0.16081238,0.110443115,0.05760193,0.044921875,0.021759033,0.0761261,0.200531,0.16201782,0.18574524,0.18392944,0.108428955,0.054718018,0.028503418
mountain_nat1017.jpg,0.01473999,0.027236938,0.06791687,0.40563965,0.19355774,0.21412659,0.06365967,0.013122559,0.012023926,0.018066406,0.025543213,0.11872864,0.42248535,0.2919922,0.09815979,0.013000488,0.019210815,0.021194458,0.02684021,0.08879089,0.42071533,0.36869812,0.049072266,0.0054779053
mountain_n392090.jpg,0.5693054,0.05821228,0.066207886,0.0675354,0.096588135,0.10664368,0.03390503,0.0016021729,0.3986969,0.060562134,0.08799744,0.15280151,0.28018188,0.019317627,0.0004119873,3.0517578e-05,0.42697144,0.12005615,0.18858337,0.07048035,0.011169434,0.010574341,0.16325378,0.008911133
mountain_nat1136.jpg,0.062454224,0.09062195,0.13552856,0.12878418,0.108688354,0.1505127,0.1377716,0.18563843,0.08552551,0.11703491,0.14631653,0.104385376,0.09208679,0.08312988,0.15463257,0.21688843,0.09968567,0.12315369,0.13140869,0.09358215,0.096969604,0.07040405,0.14759827,0.23719788
mountain_n255008.jpg,0.2969513,0.12132263,0.069503784,0.048095703,0.13975525,0.2019043,0.100234985,0.022232056,0.26359558,0.13693237,0.094192505,0.18986511,0.19525146,0.090530396,0.025344849,0.0042877197,0.10557556,0.10934448,0.33555603,0.2876587,0.076416016,0.030166626,0.041610718,0.013671875
mountain_n841058.jpg,0.14186096,0.25094604,0.15864563,0.11961365,0.111206055,0.11338806,0.0977478,0.006591797,0.08932495,0.13900757,0.25460815,0.16339111,0.11880493,0.121795654,0.105148315,0.0079193115,0.0342865,0.111846924,0.1338501,0.1368866,0.26332092,0.14196777,0.15731812,0.020523071
mountain_n199031.jpg,0.015487671,0.05732727,0.087677,0.106781006,0.3835907,0.23274231,0.10083008,0.015563965,0.014572144,0.016082764,0.11946106,0.07489014,0.39363098,0.2611847,0.10592651,0.014251709,0.013717651,0.006164551,0.008224487,0.13208008,0.34207153,0.3255005,0.15368652,0.018554688
mountain_nat681.jpg,0.18351746,0.22653198,0.09236145,0.1577301,0.19877625,0.08616638,0.04324341,0.011672974,0.23564148,0.18577576,0.051376343,0.11013794,0.23103333,0.124816895,0.045333862,0.0158844,0.3386078,0.095184326,0.04084778,0.03338623,0.2581787,0.17703247,0.04310608,0.013656616
mountain_n344047.jpg,0.26350403,0.3697052,0.18780518,0.06347656,0.044189453,0.038085938,0.024734497,0.0084991455,0.15011597,0.29162598,0.34146118,0.1146698,0.05696106,0.023452759,0.019729614,0.0019836426,0.28967285,0.27539062,0.10321045,0.05921936,0.12864685,0.07771301,0.06402588,0.0021209717
mountain_n266018.jpg,0.42500305,0.11088562,0.16304016,0.09114075,0.03666687,0.05958557,0.100997925,0.012680054,0.40620422,0.12887573,0.033111572,0.1458435,0.09989929,0.05291748,0.1131897,0.019958496,0.47729492,0.06964111,0.019714355,0.018463135,0.027252197,0.23139954,0.117263794,0.038970947
mountain_n213056.jpg,0.14320374,0.031326294,0.03630066,0.062683105,0.04095459,0.07949829,0.5135193,0.09251404,0.023208618,0.10662842,0.13006592,0.051452637,0.019470215,0.1395874,0.46102905,0.06855774,0.11578369,0.018310547,0.012435913,0.041305542,0.06298828,0.17681885,0.5083771,0.0639801
mountain_nat55.jpg,0.21928406,0.2077179,0.027038574,0.068573,0.27597046,0.19874573,0.002090454,0.000579834,0.069244385,0.3113861,0.063079834,0.017105103,0.10421753,0.3494568,0.083984375,0.0015258789,0.10406494,0.27470398,0.06552124,0.012390137,0.011276245,0.22187805,0.3088684,0.0012969971
mountain_n44003.jpg,0.33654785,0.14692688,0.054870605,0.060302734,0.07977295,0.13520813,0.13996887,0.046401978,0.40679932,0.08808899,0.051635742,0.06074524,0.08395386,0.14112854,0.1313324,0.036315918,0.14955139,0.32600403,0.06428528,0.052383423,0.06958008,0.11853027,0.17572021,0.043945312
mountain_n632073.jpg,0.22566223,0.26689148,0.19563293,0.13420105,0.08520508,0.03666687,0.01687622,0.038864136,0.20327759,0.23892212,0.21989441,0.14172363,0.097579956,0.0440979,0.008529663,0.04597473,0.064697266,0.21543884,0.19569397,0.22351074,0.13764954,0.08862305,0.028915405,0.04547119
mountain_nat14.jpg,0.17860413,0.112701416,0.11984253,0.33813477,0.15574646,0.08734131,0.007446289,0.00018310547,0.0023956299,0.14326477,0.12788391,0.12844849,0.22787476,0.30871582,0.05783081,0.0035858154,0.00091552734,0.024520874,0.14292908,0.12513733,0.18269348,0.20606995,0.3144226,0.0033111572
mountain_n213080.jpg,0.21884155,0.11361694,0.16973877,0.14518738,0.12451172,0.06100464,0.08921814,0.07788086,0.14535522,0.22605896,0.18681335,0.07243347,0.084365845,0.096725464,0.08030701,0.107940674,0.18330383,0.11198425,0.0664978,0.05784607,0.07789612,0.1250763,0.28242493,0.0949707
mountain_nat1232.jpg,0.11231995,0.1328888,0.10076904,0.09616089,0.11097717,0.14572144,0.15153503,0.14962769,0.0907135,0.116607666,0.11412048,0.091674805,0.10876465,0.13761902,0.17314148,0.1673584,0.07572937,0.13249207,0.10525513,0.09750366,0.10714722,0.13543701,0.17767334,0.1687622
mountain_nat199.jpg,0.07035828,0.18748474,0.21987915,0.09298706,0.095825195,0.07621765,0.02708435,0.23016357,0.040893555,0.1466217,0.2722931,0.1486969,0.099121094,0.048461914,0.021133423,0.22277832,0.085617065,0.2574768,0.19958496,0.115371704,0.076171875,0.02633667,0.017791748,0.22164917
mountain_n295018.jpg,0.0476532,0.15377808,0.26730347,0.21614075,0.17527771,0.09854126,0.035079956,0.006225586,0.053009033,0.17085266,0.35108948,0.24104309,0.111328125,0.044403076,0.023651123,0.004623413,0.081970215,0.14874268,0.2606659,0.3313446,0.116744995,0.03656006,0.020553589,0.0034179688
mountain_n371077.jpg,0.30230713,0.25868225,0.3361206,0.039611816,0.013381958,0.015808105,0.02217102,0.011917114,0.2419281,0.18014526,0.2679901,0.21810913,0.036712646,0.017074585,0.024429321,0.01361084,0.24708557,0.2591858,0.21818542,0.044647217,0.15184021,0.040725708,0.02444458,0.013885498
mountain_n213041.jpg,0.490036,0.048980713,0.039855957,0.033294678,0.039657593,0.086013794,0.10409546,0.1580658,0.08534241,0.17301941,0.18748474,0.14883423,0.057388306,0.0839386,0.11540222,0.14859009,0.006225586,0.030761719,0.03213501,0.11199951,0.15005493,0.09576416,0.19725037,0.37580872
mountain_nat433.jpg,0.6474457,0.12814331,0.1038208,0.036849976,0.014862061,0.0119018555,0.016296387,0.04067993,0.24449158,0.25941467,0.34017944,0.06161499,0.016830444,0.010803223,0.01184082,0.05482483,0.14480591,0.16532898,0.10949707,0.10832214,0.27200317,0.12506104,0.012298584,0.062683105
mountain_n405023.jpg,0.12971497,0.09298706,0.28556824,0.23150635,0.17094421,0.062026978,0.02217102,0.0050811768,0.09597778,0.111083984,0.13790894,0.3671875,0.17520142,0.077194214,0.03173828,0.0037078857,0.16471863,0.19924927,0.17344666,0.034423828,0.08708191,0.1582489,0.17744446,0.0053863525
mountain_n603007.jpg,0.1910553,0.40382385,0.08566284,0.113098145,0.11109924,0.039398193,0.034561157,0.02130127,0.01852417,0.11663818,0.3407898,0.113357544,0.16912842,0.17723083,0.045333862,0.018997192,0.0119018555,0.017196655,0.18357849,0.30130005,0.1187439,0.25099182,0.09635925,0.019927979
mountain_n371071.jpg,0.16047668,0.052246094,0.096588135,0.18540955,0.22955322,0.17396545,0.082473755,0.01928711,0.11546326,0.14622498,0.15515137,0.18821716,0.20483398,0.12651062,0.0539093,0.009689331,0.07710266,0.11294556,0.1633606,0.20117188,0.28701782,0.115982056,0.037734985,0.0046844482
mountain_n219015.jpg,0.07096863,0.4500885,0.18388367,0.1583252,0.02734375,0.016494751,0.05445862,0.03843689,0.09541321,0.45458984,0.1618805,0.124694824,0.055023193,0.016967773,0.05709839,0.034332275,0.036987305,0.37791443,0.2423706,0.09060669,0.11470032,0.0410614,0.060073853,0.0362854
mountain_nat682.jpg,0.13787842,0.16882324,0.25213623,0.19326782,0.07507324,0.10206604,0.039764404,0.0309906,0.13813782,0.17402649,0.08049011,0.2642517,0.15272522,0.09951782,0.052719116,0.038131714,0.19000244,0.13168335,0.06970215,0.054718018,0.3182373,0.13380432,0.06011963,0.041732788
mountain_nat25.jpg,0.30467224,0.15512085,0.07191467,0.21044922,0.15312195,0.05757141,0.03390503,0.013244629,0.002105713,0.27252197,0.19129944,0.095825195,0.20439148,0.15762329,0.05319214,0.023040771,7.6293945e-05,0.0028076172,0.12789917,0.2935791,0.0978241,0.12106323,0.20759583,0.14915466
mountain_n344053.jpg,0.33180237,0.24650574,0.13368225,0.077301025,0.05496216,0.06436157,0.06573486,0.025650024,0.38311768,0.15544128,0.08276367,0.06561279,0.08929443,0.10470581,0.11268616,0.006378174,0.27954102,0.26315308,0.06523132,0.0549469,0.031433105,0.024490356,0.24497986,0.036224365
mountain_nat29.jpg,0.25621033,0.072525024,0.122787476,0.35754395,0.12387085,0.046279907,0.019729614,0.0010528564,0.12890625,0.12944031,0.09994507,0.10809326,0.23474121,0.24568176,0.04373169,0.009460449,0.05807495,0.1552124,0.10942078,0.0773468,0.10795593,0.12989807,0.34324646,0.018844604
mountain_n603032.jpg,0.14997864,0.08319092,0.115371704,0.09744263,0.18344116,0.24130249,0.11723328,0.012039185,0.12606812,0.07633972,0.10643005,0.12030029,0.2110138,0.23973083,0.1076355,0.012481689,0.10626221,0.057357788,0.09489441,0.123291016,0.10519409,0.31394958,0.17515564,0.023895264
mountain_n199075.jpg,0.07102966,0.106277466,0.0818634,0.17590332,0.30723572,0.19120789,0.058883667,0.007598877,0.11367798,0.09011841,0.11329651,0.23805237,0.2722168,0.14189148,0.028533936,0.0022125244,0.061157227,0.046401978,0.13270569,0.26020813,0.2246399,0.21603394,0.054138184,0.004714966
mountain_nat116.jpg,0.04244995,0.095047,0.09210205,0.12312317,0.19241333,0.18699646,0.18888855,0.07897949,0.034698486,0.07826233,0.12371826,0.15563965,0.200531,0.2064209,0.16696167,0.0337677,0.029907227,0.06486511,0.11781311,0.17070007,0.17701721,0.23954773,0.17330933,0.02684021
mountain_n199089.jpg,0.2381897,0.10630798,0.11672974,0.1993866,0.16355896,0.0940094,0.06726074,0.014556885,0.042648315,0.2520752,0.14009094,0.19659424,0.19038391,0.099731445,0.06515503,0.013320923,0.036819458,0.043029785,0.07557678,0.16305542,0.44628906,0.13626099,0.07991028,0.019058228
mountain_n213052.jpg,0.07211304,0.08432007,0.15382385,0.13951111,0.08280945,0.043273926,0.17333984,0.25080872,0.07020569,0.031082153,0.08105469,0.14953613,0.20349121,0.043167114,0.24685669,0.17460632,0.06361389,0.016418457,0.033691406,0.08187866,0.056610107,0.09526062,0.36254883,0.28997803
mountain_n213098.jpg,0.04449463,0.060058594,0.11494446,0.11906433,0.119781494,0.13664246,0.20185852,0.20315552,0.05253601,0.07376099,0.13928223,0.12496948,0.1214447,0.12161255,0.19630432,0.17008972,0.080947876,0.054016113,0.052139282,0.07298279,0.11505127,0.19284058,0.3256836,0.1063385
mountain_nat57.jpg,0.021850586,0.067276,0.21029663,0.31175232,0.18659973,0.053771973,0.046798706,0.10165405,0.007461548,0.054534912,0.24867249,0.1978302,0.09094238,0.24020386,0.04472351,0.1156311,0.013595581,0.15187073,0.27366638,0.12063599,0.05558777,0.045791626,0.15692139,0.18193054
mountain_n44009.jpg,0.6877899,0.10189819,0.053359985,0.038589478,0.0284729,0.02532959,0.044128418,0.020431519,0.060546875,0.46881104,0.2741089,0.060668945,0.03276062,0.027816772,0.045944214,0.029342651,0.0066986084,0.09611511,0.39898682,0.2908783,0.06906128,0.042434692,0.049713135,0.04611206
mountain_nat346.jpg,0.32769775,0.17906189,0.1285553,0.11279297,0.12107849,0.057617188,0.03515625,0.03804016,0.17863464,0.20652771,0.19322205,0.10870361,0.10096741,0.12774658,0.04598999,0.038208008,0.12556458,0.17108154,0.2440033,0.12727356,0.047348022,0.037994385,0.10185242,0.1448822
mountain_n213097.jpg,0.18501282,0.19566345,0.09288025,0.09675598,0.09173584,0.11264038,0.15310669,0.07220459,0.15042114,0.08924866,0.12828064,0.14646912,0.12071228,0.13327026,0.16349792,0.068099976,0.038208008,0.12727356,0.05265808,0.08984375,0.1882019,0.2645111,0.20518494,0.034118652
mountain_n213009.jpg,0.33114624,0.045333862,0.07054138,0.08030701,0.10597229,0.07861328,0.06430054,0.2237854,0.017288208,0.10218811,0.22070312,0.21031189,0.14076233,0.048431396,0.045211792,0.21510315,0.024215698,0.051254272,0.0884552,0.07751465,0.049453735,0.057662964,0.39849854,0.25294495
mountain_nat1008.jpg,0.021713257,0.15567017,0.12670898,0.112091064,0.09333801,0.11175537,0.13742065,0.24130249,0.005432129,0.052352905,0.12861633,0.1430664,0.14820862,0.12858582,0.1473999,0.24633789,0.001953125,0.03138733,0.044525146,0.10562134,0.17047119,0.18591309,0.19862366,0.26150513
mountain_n736026.jpg,0.221344,0.06942749,0.100875854,0.16693115,0.2635498,0.107162476,0.045272827,0.025436401,0.029556274,0.044326782,0.2137146,0.3792572,0.1767273,0.10006714,0.04147339,0.014877319,0.028915405,0.051589966,0.2615509,0.17584229,0.083358765,0.23268127,0.1342926,0.0317688
mountain_n737041.jpg,0.3872528,0.18075562,0.07221985,0.058761597,0.07077026,0.087768555,0.12998962,0.012481689,0.14448547,0.2442627,0.19920349,0.09666443,0.06552124,0.07106018,0.107803345,0.070999146,0.0030517578,0.07757568,0.16720581,0.22834778,0.22229004,0.10787964,0.1398468,0.05380249
mountain_nat117.jpg,0.014099121,0.030029297,0.04185486,0.070739746,0.18580627,0.22912598,0.22840881,0.19993591,0.015563965,0.030883789,0.052978516,0.094955444,0.18930054,0.25405884,0.234375,0.12788391,0.01852417,0.031539917,0.054519653,0.09391785,0.16096497,0.27149963,0.24888611,0.120147705
mountain_n344062.jpg,0.087020874,0.17245483,0.18087769,0.21580505,0.15708923,0.062469482,0.114715576,0.009567261,0.06518555,0.13539124,0.10002136,0.21687317,0.22608948,0.11764526,0.13798523,0.0008087158,0.06965637,0.08630371,0.06716919,0.094558716,0.14727783,0.2988739,0.22993469,0.006225586
mountain_n18070.jpg,0.47006226,0.049484253,0.041412354,0.099624634,0.09819031,0.08201599,0.09576416,0.063446045,0.4386902,0.06724548,0.038482666,0.06498718,0.14454651,0.102630615,0.09590149,0.04751587,0.43881226,0.07014465,0.0320282,0.04109192,0.057647705,0.15568542,0.15289307,0.051696777
mountain_nat38.jpg,0.13835144,0.25610352,0.100875854,0.26197815,0.15214539,0.06980896,0.02067566,6.1035156e-05,0.0028839111,0.06071472,0.30841064,0.124176025,0.16514587,0.24612427,0.07997131,0.012573242,0.0006713867,0.03816223,0.10096741,0.26213074,0.13796997,0.13192749,0.30667114,0.021499634
mountain_n510071.jpg,0.36450195,0.22541809,0.07936096,0.07759094,0.049728394,0.06506348,0.11289978,0.025436401,0.32341003,0.2541046,0.08660889,0.053878784,0.058502197,0.071640015,0.12658691,0.025268555,0.34526062,0.20030212,0.11166382,0.04043579,0.044052124,0.044006348,0.10231018,0.111968994
mountain_nat56.jpg,0.2780609,0.11231995,0.10522461,0.3519287,0.1278534,0.022338867,0.0020751953,0.00019836426,0.07026672,0.21115112,0.11273193,0.09628296,0.29658508,0.19099426,0.020935059,0.0010528564,0.060317993,0.1306305,0.14006042,0.088653564,0.08325195,0.20507812,0.2830658,0.00894165
mountain_n213094.jpg,0.13102722,0.081085205,0.075286865,0.09971619,0.111694336,0.19709778,0.3040924,0.0,0.0,0.0,0.0155181885,0.16664124,0.184021,0.23262024,0.40019226,0.0010070801,0.0,0.0,0.0,0.0007324219,0.036087036,0.1971283,0.7421112,0.02394104
mountain_n213053.jpg,0.10397339,0.09643555,0.08267212,0.1388855,0.10321045,0.09918213,0.22265625,0.15298462,0.013061523,0.02658081,0.0750885,0.24499512,0.16966248,0.1169281,0.2340393,0.119644165,0.0032043457,0.020309448,0.06617737,0.0973053,0.10334778,0.088409424,0.47483826,0.14640808
mountain_nat51.jpg,0.0036621094,0.019454956,0.30322266,0.17358398,0.099853516,0.23576355,0.14735413,0.017105103,0.0034179688,0.016998291,0.043762207,0.24655151,0.26924133,0.099823,0.26974487,0.050460815,0.0064697266,0.024551392,0.055038452,0.07380676,0.08816528,0.4497223,0.2731018,0.029144287
mountain_n44001.jpg,0.12768555,0.28167725,0.107681274,0.0809021,0.091171265,0.17486572,0.114868164,0.021148682,0.07232666,0.24861145,0.16596985,0.103134155,0.0927887,0.1849823,0.1131134,0.019073486,0.03314209,0.06588745,0.15437317,0.18293762,0.17919922,0.17955017,0.16821289,0.036697388
mountain_nat1114.jpg,1.5258789e-05,0.3808899,0.09463501,0.070510864,0.16300964,0.14955139,0.07144165,0.06994629,0.0,0.32162476,0.14057922,0.06739807,0.07472229,0.14068604,0.14845276,0.106536865,0.0,0.26423645,0.18978882,0.06536865,0.069610596,0.07550049,0.06640625,0.26908875
mountain_nat49.jpg,0.08493042,0.11804199,0.34428406,0.20202637,0.08517456,0.12350464,0.038406372,0.0036315918,0.041366577,0.09199524,0.123413086,0.22125244,0.30767822,0.10247803,0.0954895,0.016326904,0.030075073,0.10430908,0.10334778,0.12980652,0.20127869,0.32206726,0.09954834,0.009567261
mountain_n213021.jpg,0.2130127,0.07687378,0.07510376,0.19828796,0.20689392,0.19360352,0.026046753,0.010177612,0.24604797,0.060943604,0.056167603,0.15914917,0.12297058,0.10220337,0.22377014,0.028747559,0.25271606,0.050842285,0.046722412,0.09410095,0.11582947,0.09036255,0.12528992,0.22413635
mountain_n371063.jpg,0.65823364,0.13061523,0.07064819,0.022781372,0.023712158,0.052978516,0.033187866,0.007843018,0.45492554,0.15074158,0.118255615,0.0864563,0.08340454,0.0519104,0.04499817,0.009307861,0.3428955,0.15127563,0.12109375,0.09727478,0.06576538,0.1116333,0.089645386,0.02041626
mountain_n347049.jpg,0.16374207,0.10215759,0.14257812,0.09980774,0.06150818,0.049468994,0.36408997,0.016647339,0.08622742,0.15429688,0.14924622,0.11175537,0.06437683,0.049438477,0.37120056,0.013458252,0.025375366,0.09561157,0.1415863,0.19377136,0.09817505,0.060440063,0.37312317,0.011917114
mountain_n44004.jpg,0.21916199,0.12973022,0.07185364,0.07963562,0.11831665,0.12834167,0.22703552,0.025924683,0.16647339,0.1472168,0.085494995,0.07171631,0.123565674,0.14595032,0.23414612,0.025436401,0.046966553,0.16914368,0.12562561,0.09120178,0.10127258,0.17575073,0.25616455,0.03387451
mountain_nat42.jpg,0.034454346,0.08886719,0.35456848,0.27496338,0.07975769,0.11280823,0.046035767,0.008544922,0.01689148,0.0652771,0.17684937,0.14491272,0.38920593,0.105667114,0.07913208,0.022064209,0.019180298,0.09461975,0.15985107,0.1035614,0.097213745,0.43075562,0.08174133,0.013076782
mountain_n405000.jpg,0.112457275,0.06478882,0.033691406,0.18534851,0.1672821,0.21960449,0.19752502,0.019302368,0.13197327,0.0627594,0.055999756,0.15756226,0.43978882,0.14614868,0.0057678223,0.0,0.18418884,0.10058594,0.23356628,0.24809265,0.23197937,0.0015869141,0.0,0.0
mountain_n251048.jpg,0.11477661,0.21304321,0.2288208,0.2910614,0.084625244,0.039916992,0.023498535,0.004257202,0.07286072,0.1864624,0.29216003,0.28903198,0.09124756,0.045715332,0.019607544,0.0029144287,0.04273987,0.24485779,0.4296112,0.189682,0.040267944,0.0131073,0.034606934,0.005126953
mountain_n213031.jpg,0.4359131,0.044433594,0.039031982,0.06541443,0.08854675,0.06750488,0.10243225,0.15672302,0.29730225,0.045654297,0.040634155,0.20825195,0.10147095,0.058898926,0.107421875,0.1403656,0.12539673,0.1177063,0.11550903,0.10089111,0.07513428,0.05596924,0.12774658,0.28164673
mountain_n371066.jpg,0.35188293,0.21102905,0.16668701,0.07235718,0.048706055,0.0786438,0.057510376,0.013183594,0.30415344,0.18011475,0.17745972,0.12060547,0.05479431,0.08143616,0.06980896,0.011627197,0.27926636,0.2535553,0.14233398,0.09611511,0.06715393,0.077316284,0.07296753,0.011291504
mountain_nat1003.jpg,0.031814575,0.14115906,0.16777039,0.24293518,0.1559906,0.090423584,0.10119629,0.06871033,0.0184021,0.13343811,0.16619873,0.13154602,0.24610901,0.123306274,0.083969116,0.09703064,0.03126526,0.14141846,0.13761902,0.11203003,0.090164185,0.07472229,0.26054382,0.15223694
mountain_n736023.jpg,0.32937622,0.10482788,0.08387756,0.13519287,0.089263916,0.12609863,0.088775635,0.04258728,0.33035278,0.07678223,0.039794922,0.11125183,0.13511658,0.10072327,0.15187073,0.054107666,0.2694702,0.09411621,0.04347229,0.044448853,0.128479,0.13424683,0.15956116,0.12620544
mountain_n255068.jpg,0.06271362,0.1539917,0.084854126,0.09315491,0.17922974,0.24095154,0.14477539,0.04032898,0.16534424,0.083740234,0.11004639,0.22012329,0.2268219,0.1400299,0.04689026,0.007003784,0.2131958,0.10913086,0.18284607,0.2552185,0.14826965,0.046020508,0.03239441,0.012924194
mountain_nat1207.jpg,0.023162842,0.05647278,0.065719604,0.11175537,0.45562744,0.1933899,0.06826782,0.025604248,0.021270752,0.051101685,0.06086731,0.08418274,0.35035706,0.33145142,0.075027466,0.025741577,0.028839111,0.045715332,0.0569458,0.06933594,0.15219116,0.49189758,0.12640381,0.028671265
mountain_nat427.jpg,0.21130371,0.16708374,0.21142578,0.16485596,0.11482239,0.04940796,0.040405273,0.04069519,0.034210205,0.09088135,0.15989685,0.28538513,0.2706604,0.07168579,0.024520874,0.0627594,0.006942749,0.060058594,0.1006012,0.13331604,0.16043091,0.26705933,0.19454956,0.077041626
mountain_n213007.jpg,0.06971741,0.27841187,0.19584656,0.19958496,0.14717102,0.048461914,0.036224365,0.02458191,0.11906433,0.21299744,0.11476135,0.15190125,0.22492981,0.118927,0.036392212,0.021026611,0.09539795,0.16088867,0.18669128,0.084243774,0.0783844,0.059143066,0.16860962,0.16664124
mountain_n219007.jpg,0.26530457,0.38375854,0.25178528,0.025802612,0.012054443,0.0073242188,0.025894165,0.028076172,0.236969,0.38917542,0.23495483,0.06542969,0.012283325,0.007019043,0.025970459,0.028198242,0.2926178,0.26950073,0.14450073,0.2033081,0.028152466,0.007949829,0.029159546,0.024810791
mountain_n199004.jpg,0.055862427,0.21812439,0.16760254,0.108566284,0.13726807,0.19319153,0.10472107,0.014663696,0.032485962,0.084869385,0.25857544,0.13696289,0.154068,0.20341492,0.11433411,0.015289307,0.02748108,0.036239624,0.06463623,0.2609558,0.20550537,0.23350525,0.1525116,0.019165039
mountain_n18058.jpg,0.32208252,0.36224365,0.1416626,0.10179138,0.0566864,0.009918213,0.0032043457,0.0024108887,0.2900238,0.20066833,0.29011536,0.11936951,0.084228516,0.009765625,0.0033721924,0.002456665,0.4139099,0.12297058,0.07180786,0.036758423,0.09474182,0.24230957,0.013931274,0.0035705566
mountain_n344080.jpg,0.16030884,0.37017822,0.11602783,0.013885498,0.0062713623,0.00680542,0.31436157,0.012161255,0.1781311,0.08869934,0.0987854,0.23287964,0.0677948,0.0074157715,0.31684875,0.00944519,0.12004089,0.10644531,0.04597473,0.021469116,0.019317627,0.17608643,0.48501587,0.025650024
mountain_n737049.jpg,0.03186035,0.30543518,0.2783661,0.1559906,0.10900879,0.067092896,0.03918457,0.013061523,0.044769287,0.31402588,0.29447937,0.11631775,0.080566406,0.08198547,0.0493927,0.018463135,0.034301758,0.28147888,0.30950928,0.12672424,0.03390503,0.10038757,0.087875366,0.025817871
mountain_n295042.jpg,0.07989502,0.09942627,0.07347107,0.11332703,0.25482178,0.30311584,0.07348633,0.002456665,0.039916992,0.09741211,0.25358582,0.4079895,0.17971802,0.021209717,0.00016784668,0.0,0.061447144,0.1751709,0.38690186,0.18284607,0.026062012,0.009353638,0.14302063,0.015197754
mountain_nat54.jpg,0.30168152,0.20866394,0.070632935,0.053894043,0.0541687,0.30973816,0.0011444092,7.6293945e-05,0.066970825,0.32411194,0.1296997,0.07713318,0.040771484,0.19998169,0.1609497,0.00038146973,0.033081055,0.20298767,0.18913269,0.110321045,0.085510254,0.03489685,0.34335327,0.0007171631
mountain_nat1064.jpg,0.024993896,0.066589355,0.10336304,0.12408447,0.12937927,0.18034363,0.19374084,0.1775055,0.01576233,0.06680298,0.105285645,0.13502502,0.15873718,0.20178223,0.15687561,0.159729,0.018737793,0.065216064,0.076934814,0.13375854,0.1680603,0.2267456,0.14994812,0.16059875
mountain_n213005.jpg,0.056793213,0.32974243,0.27386475,0.12754822,0.07026672,0.06311035,0.05557251,0.023101807,0.0809021,0.2792511,0.18637085,0.17990112,0.099365234,0.07484436,0.06825256,0.03111267,0.08433533,0.1859436,0.1166687,0.12628174,0.14189148,0.14627075,0.12797546,0.070632935
mountain_n219008.jpg,0.24330139,0.50956726,0.14427185,0.043899536,0.013809204,0.0063323975,0.015380859,0.0234375,0.22447205,0.3358612,0.31047058,0.06968689,0.014373779,0.0066070557,0.015365601,0.023162842,0.20481873,0.28370667,0.13696289,0.15605164,0.1726532,0.0074920654,0.017547607,0.020767212
mountain_n603040.jpg,0.057800293,0.14126587,0.1000061,0.045669556,0.015563965,0.08959961,0.48564148,0.064453125,0.018493652,0.09283447,0.14863586,0.07237244,0.02960205,0.09535217,0.44747925,0.0952301,0.013748169,0.019927979,0.026733398,0.048446655,0.17884827,0.108673096,0.50590515,0.097717285
mountain_n480098.jpg,0.13812256,0.2130127,0.24169922,0.18580627,0.1270752,0.055862427,0.023742676,0.014678955,0.17578125,0.20677185,0.2298584,0.13517761,0.1352539,0.07852173,0.02468872,0.013946533,0.26219177,0.24328613,0.14129639,0.103881836,0.07824707,0.05921936,0.09365845,0.018218994
mountain_n18044.jpg,0.08215332,0.24165344,0.18318176,0.14916992,0.1638794,0.12844849,0.041046143,0.010467529,0.12876892,0.16000366,0.15052795,0.16822815,0.205307,0.14146423,0.035583496,0.010116577,0.10244751,0.13232422,0.058288574,0.133255,0.2050476,0.2374115,0.1156311,0.015594482
mountain_n295082.jpg,0.025222778,0.1879425,0.12988281,0.12475586,0.15791321,0.18559265,0.14956665,0.039123535,0.22413635,0.15953064,0.16278076,0.19030762,0.16838074,0.09146118,0.00340271,0.0,0.25759888,0.2992096,0.3307953,0.10583496,0.0065307617,3.0517578e-05,0.0,0.0
mountain_n18071.jpg,0.17939758,0.21925354,0.08547974,0.02041626,0.059265137,0.25276184,0.16540527,0.01802063,0.07850647,0.21322632,0.16841125,0.032684326,0.04434204,0.23944092,0.20884705,0.014541626,0.005355835,0.025817871,0.18106079,0.23117065,0.053985596,0.18963623,0.27572632,0.037246704
mountain_n371076.jpg,0.59690857,0.1904602,0.09422302,0.03727722,0.02029419,0.016036987,0.026794434,0.018005371,0.4088745,0.16542053,0.09312439,0.18199158,0.07676697,0.02267456,0.030151367,0.020996094,0.40655518,0.1653595,0.093307495,0.09346008,0.16769409,0.025482178,0.028213501,0.019927979
mountain_n213096.jpg,0.065460205,0.11013794,0.091796875,0.10334778,0.106552124,0.17747498,0.23643494,0.108795166,0.0036621094,0.019882202,0.10267639,0.16952515,0.13471985,0.17008972,0.25178528,0.1476593,0.0014801025,0.009277344,0.025497437,0.07034302,0.1234436,0.3155365,0.34391785,0.11050415
mountain_n736029.jpg,0.09939575,0.11633301,0.16625977,0.16137695,0.15429688,0.1717987,0.11663818,0.013900757,0.08432007,0.08924866,0.08911133,0.09631348,0.17315674,0.21383667,0.21388245,0.040130615,0.13175964,0.09989929,0.09082031,0.099746704,0.08947754,0.06585693,0.21234131,0.21009827
mountain_nat426.jpg,0.106552124,0.29922485,0.08255005,0.13713074,0.19824219,0.12068176,0.0340271,0.021591187,0.015594482,0.049606323,0.064193726,0.21980286,0.42710876,0.15122986,0.043121338,0.029342651,6.1035156e-05,0.029571533,0.052505493,0.08052063,0.17315674,0.545105,0.08213806,0.03694153
mountain_nat36.jpg,0.11790466,0.10195923,0.14692688,0.3924408,0.1104126,0.0748291,0.04208374,0.013442993,0.07246399,0.09567261,0.1650238,0.096343994,0.2765808,0.20030212,0.064086914,0.029525757,0.084609985,0.106918335,0.16789246,0.075149536,0.07081604,0.15960693,0.31349182,0.021514893
mountain_n860061.jpg,0.14665222,0.1315918,0.113204956,0.117126465,0.11882019,0.10180664,0.13920593,0.1315918,0.04826355,0.097579956,0.111831665,0.11810303,0.24983215,0.10409546,0.14144897,0.12884521,0.03416443,0.092453,0.112335205,0.112197876,0.10708618,0.10121155,0.24607849,0.19447327
mountain_nat1093.jpg,0.23635864,0.11022949,0.26411438,0.35836792,0.028900146,0.0019683838,6.1035156e-05,0.0,0.093429565,0.10241699,0.07443237,0.091552734,0.19677734,0.31425476,0.119003296,0.008132935,0.06562805,0.025314331,0.079452515,0.08354187,0.084198,0.21282959,0.44476318,0.004272461
mountain_n44062.jpg,0.34301758,0.11343384,0.054977417,0.092041016,0.13746643,0.13587952,0.10472107,0.018463135,0.078811646,0.3671875,0.04437256,0.07510376,0.13153076,0.16287231,0.12008667,0.02003479,0.049835205,0.042037964,0.37272644,0.06439209,0.115478516,0.17306519,0.15603638,0.026428223
mountain_n213035.jpg,0.19039917,0.18281555,0.16772461,0.097457886,0.077804565,0.15489197,0.10575867,0.023147583,0.01838684,0.09413147,0.23335266,0.22579956,0.15907288,0.16020203,0.0920105,0.017044067,0.07145691,0.058792114,0.08312988,0.11911011,0.21531677,0.18804932,0.17301941,0.09112549
mountain_n347051.jpg,0.121673584,0.26339722,0.40875244,0.09887695,0.039855957,0.032287598,0.03340149,0.0017547607,0.08641052,0.28674316,0.3204956,0.17654419,0.03137207,0.04019165,0.055389404,0.0028533936,0.01914978,0.15353394,0.31671143,0.12345886,0.15774536,0.11238098,0.103149414,0.013870239
mountain_nat481.jpg,0.3307495,0.16313171,0.20928955,0.08848572,0.06484985,0.057174683,0.046310425,0.040008545,0.18287659,0.22309875,0.14985657,0.18933105,0.08804321,0.066207886,0.046463013,0.054122925,0.15942383,0.26435852,0.1421051,0.2192688,0.08677673,0.049575806,0.03303528,0.045455933
mountain_n344082.jpg,0.14103699,0.13519287,0.20352173,0.23254395,0.16314697,0.0778656,0.042526245,0.0041656494,0.22094727,0.12147522,0.108169556,0.24295044,0.1663208,0.098968506,0.0365448,0.004623413,0.22857666,0.19947815,0.074401855,0.03967285,0.09397888,0.21339417,0.14653015,0.003967285
mountain_n295039.jpg,0.00982666,0.032318115,0.22775269,0.116104126,0.07963562,0.17443848,0.34240723,0.01751709,0.009796143,0.0019683838,0.05960083,0.31219482,0.096466064,0.18721008,0.32618713,0.006576538,0.009567261,0.0014343262,0.0018157959,0.060836792,0.34986877,0.1932373,0.36967468,0.0135650635
mountain_nat485.jpg,0.0101623535,0.1730957,0.04638672,0.041259766,0.033111572,0.031707764,0.037841797,0.6264343,0.007888794,0.03982544,0.11254883,0.09941101,0.03451538,0.034225464,0.036621094,0.634964,0.0027160645,0.024017334,0.043121338,0.022842407,0.034805298,0.15325928,0.050491333,0.66874695
mountain_nat1142.jpg,0.24880981,0.079452515,0.117630005,0.1400299,0.23590088,0.08972168,0.0317688,0.0566864,0.2635193,0.16433716,0.17488098,0.126297,0.033737183,0.15689087,0.053359985,0.026977539,0.052200317,0.048797607,0.12947083,0.23007202,0.25401306,0.041870117,0.0022125244,0.24136353
mountain_nat1062.jpg,0.0066833496,0.37496948,0.16549683,0.12434387,0.11383057,0.09864807,0.06863403,0.0473938,0.0016479492,0.16262817,0.32122803,0.17095947,0.13110352,0.105392456,0.0655365,0.041503906,0.002456665,0.10395813,0.092926025,0.23071289,0.25982666,0.1464386,0.10115051,0.06253052
mountain_n213034.jpg,0.4071808,0.09094238,0.074035645,0.060668945,0.0657959,0.07875061,0.10697937,0.11564636,0.16127014,0.15718079,0.08680725,0.048858643,0.058425903,0.15870667,0.20866394,0.12008667,0.07588196,0.05595398,0.113967896,0.110946655,0.12905884,0.06907654,0.117874146,0.32724
mountain_n841060.jpg,0.016204834,0.0695343,0.24752808,0.20547485,0.1836853,0.14146423,0.13565063,0.00045776367,0.0043792725,0.0206604,0.074279785,0.26426697,0.22212219,0.2545929,0.15844727,0.0012512207,0.00076293945,0.010177612,0.02330017,0.09638977,0.2858429,0.340271,0.23904419,0.004211426
mountain_n213066.jpg,0.20527649,0.085632324,0.1796112,0.18197632,0.08963013,0.05937195,0.073013306,0.12548828,0.23973083,0.113082886,0.2719574,0.08415222,0.05291748,0.049209595,0.072021484,0.1169281,0.32843018,0.19773865,0.14872742,0.04524231,0.03730774,0.030380249,0.05290222,0.15927124
mountain_n344059.jpg,0.010284424,0.13075256,0.13574219,0.12263489,0.16862488,0.22010803,0.2021637,0.009689331,0.009735107,0.028182983,0.1545105,0.18087769,0.18579102,0.22644043,0.2089386,0.0055236816,0.009719849,0.01576233,0.032928467,0.14361572,0.35058594,0.3276825,0.11456299,0.005142212
mountain_n213085.jpg,0.52464294,0.21662903,0.1000824,0.11453247,0.02809143,0.009460449,0.004989624,0.0015716553,0.1862793,0.13116455,0.0340271,0.27233887,0.1749115,0.17953491,0.01626587,0.0054779053,0.15039062,0.12844849,0.06744385,0.0070343018,0.028656006,0.373703,0.23316956,0.011154175
mountain_nat1135.jpg,0.11781311,0.0831604,0.090652466,0.087402344,0.09881592,0.19024658,0.13905334,0.19285583,0.12713623,0.08566284,0.09187317,0.084503174,0.094314575,0.12747192,0.1612091,0.22782898,0.11210632,0.082107544,0.08125305,0.08491516,0.10801697,0.09968567,0.17495728,0.256958
mountain_nat30.jpg,0.1541748,0.21517944,0.07505798,0.19348145,0.2742157,0.058517456,0.022918701,0.006454468,0.009109497,0.21665955,0.18643188,0.05580139,0.04573059,0.3307495,0.1301117,0.025405884,0.0046081543,0.13813782,0.2532959,0.06840515,0.040481567,0.04284668,0.21102905,0.24119568
mountain_n860034.jpg,0.6634369,0.23704529,0.097595215,0.000289917,0.00015258789,0.00019836426,0.00045776367,0.0008239746,0.4290161,0.24105835,0.026321411,0.30174255,0.0002746582,0.00022888184,0.00045776367,0.00090026855,0.0,0.015060425,0.2940979,0.35546875,0.009109497,0.007019043,0.3179016,0.0013427734
mountain_nat316.jpg,0.5631714,0.124938965,0.15162659,0.066207886,0.03250122,0.025909424,0.01977539,0.01586914,0.49639893,0.10044861,0.07331848,0.19451904,0.053634644,0.031188965,0.027175903,0.02331543,0.34214783,0.1845398,0.1121521,0.0761261,0.17863464,0.038482666,0.033187866,0.034729004
mountain_n603048.jpg,0.01939392,0.13624573,0.29992676,0.2768402,0.09951782,0.07865906,0.07797241,0.011444092,0.03262329,0.14985657,0.29034424,0.26953125,0.07862854,0.06729126,0.0967865,0.0149383545,0.03263855,0.16085815,0.27241516,0.195755,0.085876465,0.080062866,0.1434784,0.028915405
mountain_n737027.jpg,0.39918518,0.14814758,0.09614563,0.16966248,0.12454224,0.04548645,0.016815186,1.5258789e-05,0.033477783,0.21220398,0.2744751,0.12004089,0.114486694,0.19187927,0.05253601,0.00090026855,0.0105896,0.121017456,0.19573975,0.2397461,0.10571289,0.061828613,0.25724792,0.008117676
mountain_nat53.jpg,0.39082336,0.0539093,0.029006958,0.044708252,0.13842773,0.28128052,0.061309814,0.0005340576,0.17642212,0.19067383,0.0652771,0.04057312,0.070755005,0.19288635,0.23312378,0.030288696,0.026519775,0.24717712,0.11401367,0.062561035,0.04258728,0.18209839,0.29336548,0.031677246
mountain_n344028.jpg,0.54397583,0.37971497,0.041793823,0.020370483,0.0082092285,0.0008239746,0.0012969971,0.0038146973,0.51194763,0.099746704,0.33229065,0.031723022,0.013702393,0.0052490234,0.0013885498,0.0039520264,0.024047852,0.38327026,0.17227173,0.048980713,0.039627075,0.31007385,0.016525269,0.005203247
mountain_nat340.jpg,0.08413696,0.12886047,0.30291748,0.25987244,0.15769958,0.05633545,0.008377075,0.0018005371,0.026779175,0.0868988,0.1712799,0.26211548,0.29621887,0.12339783,0.029449463,0.0038604736,0.022979736,0.10470581,0.1837616,0.21037292,0.14607239,0.23709106,0.07513428,0.019882202
mountain_n213075.jpg,0.2803955,0.10243225,0.113464355,0.09259033,0.04812622,0.04573059,0.13821411,0.17904663,0.07080078,0.26550293,0.22279358,0.056747437,0.032333374,0.04206848,0.14440918,0.16534424,0.081085205,0.10681152,0.08860779,0.05659485,0.046035767,0.24932861,0.14628601,0.22525024
mountain_n841059.jpg,0.18786621,0.2715149,0.2394867,0.1222229,0.08401489,0.056243896,0.035369873,0.0032806396,0.1298523,0.1789856,0.21949768,0.20147705,0.17558289,0.05407715,0.037719727,0.0028076172,0.12475586,0.19148254,0.197052,0.1457367,0.09086609,0.16674805,0.08026123,0.0030975342
mountain_n344042.jpg,0.34481812,0.08605957,0.082092285,0.114349365,0.21336365,0.06163025,0.089401245,0.008285522,0.14329529,0.1820221,0.11009216,0.09107971,0.11349487,0.20770264,0.14463806,0.007675171,0.06254578,0.09033203,0.20004272,0.101379395,0.08639526,0.16247559,0.2728424,0.023986816
